--
-- PostgreSQL database dump
--

-- Dumped from database version 15.10 (Ubuntu 15.10-1.pgdg22.04+1)
-- Dumped by pg_dump version 16.9 (Ubuntu 16.9-0ubuntu0.24.04.1)

-- Started on 2025-10-21 15:38:54 -04

SET statement_timeout = 0;
SET lock_timeout = 0;
SET idle_in_transaction_session_timeout = 0;
SET client_encoding = 'SQL_ASCII';
SET standard_conforming_strings = on;
SELECT pg_catalog.set_config('search_path', '', false);
SET check_function_bodies = false;
SET xmloption = content;
SET client_min_messages = warning;
SET row_security = off;

--
-- TOC entry 6 (class 2615 OID 174957)
-- Name: cuenta; Type: SCHEMA; Schema: -; Owner: postgres
--

CREATE SCHEMA cuenta;


ALTER SCHEMA cuenta OWNER TO postgres;

--
-- TOC entry 7 (class 2615 OID 174958)
-- Name: gestion; Type: SCHEMA; Schema: -; Owner: postgres
--

CREATE SCHEMA gestion;


ALTER SCHEMA gestion OWNER TO postgres;

--
-- TOC entry 9 (class 2615 OID 174960)
-- Name: historico; Type: SCHEMA; Schema: -; Owner: postgres
--

CREATE SCHEMA historico;


ALTER SCHEMA historico OWNER TO postgres;

--
-- TOC entry 4 (class 2615 OID 2200)
-- Name: public; Type: SCHEMA; Schema: -; Owner: pg_database_owner
--

CREATE SCHEMA public;


ALTER SCHEMA public OWNER TO pg_database_owner;

--
-- TOC entry 3619 (class 0 OID 0)
-- Dependencies: 4
-- Name: SCHEMA public; Type: COMMENT; Schema: -; Owner: pg_database_owner
--

COMMENT ON SCHEMA public IS 'standard public schema';


SET default_tablespace = '';

SET default_table_access_method = heap;

--
-- TOC entry 229 (class 1259 OID 175022)
-- Name: usuario; Type: TABLE; Schema: cuenta; Owner: postgres
--

CREATE TABLE cuenta.usuario (
    id bigint NOT NULL,
    password character varying(128) NOT NULL,
    last_login timestamp with time zone,
    username character varying(20) NOT NULL,
    email character varying(255) NOT NULL,
    origen character varying(1) NOT NULL,
    cedula integer NOT NULL,
    nombre_apellido character varying(255),
    pregunta_01 character varying(255) NOT NULL,
    pregunta_02 character varying(255) NOT NULL,
    pregunta_03 character varying(255) NOT NULL,
    respuesta_01 character varying(255) NOT NULL,
    respuesta_02 character varying(255) NOT NULL,
    respuesta_03 character varying(255) NOT NULL,
    fecha_registro timestamp with time zone NOT NULL,
    fecha_actualizacion timestamp with time zone NOT NULL,
    is_verified boolean NOT NULL,
    is_active boolean NOT NULL,
    is_staff boolean NOT NULL,
    is_superuser boolean NOT NULL
);


ALTER TABLE cuenta.usuario OWNER TO postgres;

--
-- TOC entry 231 (class 1259 OID 175034)
-- Name: usuario_groups; Type: TABLE; Schema: cuenta; Owner: postgres
--

CREATE TABLE cuenta.usuario_groups (
    id bigint NOT NULL,
    user_id bigint NOT NULL,
    group_id integer NOT NULL
);


ALTER TABLE cuenta.usuario_groups OWNER TO postgres;

--
-- TOC entry 230 (class 1259 OID 175033)
-- Name: usuario_groups_id_seq; Type: SEQUENCE; Schema: cuenta; Owner: postgres
--

ALTER TABLE cuenta.usuario_groups ALTER COLUMN id ADD GENERATED BY DEFAULT AS IDENTITY (
    SEQUENCE NAME cuenta.usuario_groups_id_seq
    START WITH 1
    INCREMENT BY 1
    NO MINVALUE
    NO MAXVALUE
    CACHE 1
);


--
-- TOC entry 228 (class 1259 OID 175021)
-- Name: usuario_id_seq; Type: SEQUENCE; Schema: cuenta; Owner: postgres
--

ALTER TABLE cuenta.usuario ALTER COLUMN id ADD GENERATED BY DEFAULT AS IDENTITY (
    SEQUENCE NAME cuenta.usuario_id_seq
    START WITH 1
    INCREMENT BY 1
    NO MINVALUE
    NO MAXVALUE
    CACHE 1
);


--
-- TOC entry 233 (class 1259 OID 175040)
-- Name: usuario_user_permissions; Type: TABLE; Schema: cuenta; Owner: postgres
--

CREATE TABLE cuenta.usuario_user_permissions (
    id bigint NOT NULL,
    user_id bigint NOT NULL,
    permission_id integer NOT NULL
);


ALTER TABLE cuenta.usuario_user_permissions OWNER TO postgres;

--
-- TOC entry 232 (class 1259 OID 175039)
-- Name: usuario_user_permissions_id_seq; Type: SEQUENCE; Schema: cuenta; Owner: postgres
--

ALTER TABLE cuenta.usuario_user_permissions ALTER COLUMN id ADD GENERATED BY DEFAULT AS IDENTITY (
    SEQUENCE NAME cuenta.usuario_user_permissions_id_seq
    START WITH 1
    INCREMENT BY 1
    NO MINVALUE
    NO MAXVALUE
    CACHE 1
);


--
-- TOC entry 261 (class 1259 OID 175244)
-- Name: asignacion; Type: TABLE; Schema: gestion; Owner: postgres
--

CREATE TABLE gestion.asignacion (
    id bigint NOT NULL,
    estatus character varying(20) NOT NULL,
    motivo text,
    dependencia_id bigint,
    responsable_id bigint,
    subdependencia_id bigint,
    bien_id bigint NOT NULL,
    fecha_creacion date
);


ALTER TABLE gestion.asignacion OWNER TO postgres;

--
-- TOC entry 260 (class 1259 OID 175243)
-- Name: asignacion_id_seq; Type: SEQUENCE; Schema: gestion; Owner: postgres
--

ALTER TABLE gestion.asignacion ALTER COLUMN id ADD GENERATED BY DEFAULT AS IDENTITY (
    SEQUENCE NAME gestion.asignacion_id_seq
    START WITH 1
    INCREMENT BY 1
    NO MINVALUE
    NO MAXVALUE
    CACHE 1
);


--
-- TOC entry 259 (class 1259 OID 175234)
-- Name: bien; Type: TABLE; Schema: gestion; Owner: postgres
--

CREATE TABLE gestion.bien (
    id bigint NOT NULL,
    caracteristicas text,
    cod_bien character varying(50),
    tipo_uso character varying(50),
    valor_unitario numeric(10,2) NOT NULL,
    condicion character varying(50) NOT NULL,
    estatus character varying(20) NOT NULL,
    fecha_adquisicion date,
    categoria_id bigint NOT NULL,
    marca_id bigint,
    modelo_id bigint,
    subcategoria_id bigint,
    color_id bigint
);


ALTER TABLE gestion.bien OWNER TO postgres;

--
-- TOC entry 258 (class 1259 OID 175233)
-- Name: bien_id_seq; Type: SEQUENCE; Schema: gestion; Owner: postgres
--

ALTER TABLE gestion.bien ALTER COLUMN id ADD GENERATED BY DEFAULT AS IDENTITY (
    SEQUENCE NAME gestion.bien_id_seq
    START WITH 1
    INCREMENT BY 1
    NO MINVALUE
    NO MAXVALUE
    CACHE 1
);


--
-- TOC entry 271 (class 1259 OID 175280)
-- Name: detalle_prestamo; Type: TABLE; Schema: gestion; Owner: postgres
--

CREATE TABLE gestion.detalle_prestamo (
    id bigint NOT NULL,
    condicion_devolucion character varying(20),
    bien_id bigint NOT NULL,
    prestamo_id bigint NOT NULL
);


ALTER TABLE gestion.detalle_prestamo OWNER TO postgres;

--
-- TOC entry 270 (class 1259 OID 175279)
-- Name: detalle_prestamo_id_seq; Type: SEQUENCE; Schema: gestion; Owner: postgres
--

ALTER TABLE gestion.detalle_prestamo ALTER COLUMN id ADD GENERATED BY DEFAULT AS IDENTITY (
    SEQUENCE NAME gestion.detalle_prestamo_id_seq
    START WITH 1
    INCREMENT BY 1
    NO MINVALUE
    NO MAXVALUE
    CACHE 1
);


--
-- TOC entry 263 (class 1259 OID 175252)
-- Name: director; Type: TABLE; Schema: gestion; Owner: postgres
--

CREATE TABLE gestion.director (
    id bigint NOT NULL,
    resolucion character varying(100) NOT NULL,
    fecha_resolucion date NOT NULL,
    gaceta character varying(100) NOT NULL,
    fecha_gaceta date NOT NULL,
    fecha_designacion date NOT NULL,
    persona_id bigint NOT NULL
);


ALTER TABLE gestion.director OWNER TO postgres;

--
-- TOC entry 262 (class 1259 OID 175251)
-- Name: director_id_seq; Type: SEQUENCE; Schema: gestion; Owner: postgres
--

ALTER TABLE gestion.director ALTER COLUMN id ADD GENERATED BY DEFAULT AS IDENTITY (
    SEQUENCE NAME gestion.director_id_seq
    START WITH 1
    INCREMENT BY 1
    NO MINVALUE
    NO MAXVALUE
    CACHE 1
);


--
-- TOC entry 267 (class 1259 OID 175268)
-- Name: prestamo; Type: TABLE; Schema: gestion; Owner: postgres
--

CREATE TABLE gestion.prestamo (
    id bigint NOT NULL,
    fecha_inicio date NOT NULL,
    fecha_final date NOT NULL,
    fecha_devolucion date,
    status character varying(20) NOT NULL,
    creado timestamp with time zone NOT NULL,
    actualizado timestamp with time zone NOT NULL,
    departamento_entrega_id bigint,
    departamento_recibe_id bigint,
    motivo_id bigint NOT NULL
);


ALTER TABLE gestion.prestamo OWNER TO postgres;

--
-- TOC entry 266 (class 1259 OID 175267)
-- Name: prestamo_id_seq; Type: SEQUENCE; Schema: gestion; Owner: postgres
--

ALTER TABLE gestion.prestamo ALTER COLUMN id ADD GENERATED BY DEFAULT AS IDENTITY (
    SEQUENCE NAME gestion.prestamo_id_seq
    START WITH 1
    INCREMENT BY 1
    NO MINVALUE
    NO MAXVALUE
    CACHE 1
);


--
-- TOC entry 269 (class 1259 OID 175274)
-- Name: responsable_prestamo; Type: TABLE; Schema: gestion; Owner: postgres
--

CREATE TABLE gestion.responsable_prestamo (
    id bigint NOT NULL,
    rol character varying(20) NOT NULL,
    prestamo_id bigint NOT NULL,
    responsable_id bigint NOT NULL
);


ALTER TABLE gestion.responsable_prestamo OWNER TO postgres;

--
-- TOC entry 268 (class 1259 OID 175273)
-- Name: responsable_prestamo_id_seq; Type: SEQUENCE; Schema: gestion; Owner: postgres
--

ALTER TABLE gestion.responsable_prestamo ALTER COLUMN id ADD GENERATED BY DEFAULT AS IDENTITY (
    SEQUENCE NAME gestion.responsable_prestamo_id_seq
    START WITH 1
    INCREMENT BY 1
    NO MINVALUE
    NO MAXVALUE
    CACHE 1
);


--
-- TOC entry 225 (class 1259 OID 174982)
-- Name: auth_group; Type: TABLE; Schema: public; Owner: postgres
--

CREATE TABLE public.auth_group (
    id integer NOT NULL,
    name character varying(150) NOT NULL
);


ALTER TABLE public.auth_group OWNER TO postgres;

--
-- TOC entry 224 (class 1259 OID 174981)
-- Name: auth_group_id_seq; Type: SEQUENCE; Schema: public; Owner: postgres
--

ALTER TABLE public.auth_group ALTER COLUMN id ADD GENERATED BY DEFAULT AS IDENTITY (
    SEQUENCE NAME public.auth_group_id_seq
    START WITH 1
    INCREMENT BY 1
    NO MINVALUE
    NO MAXVALUE
    CACHE 1
);


--
-- TOC entry 227 (class 1259 OID 174990)
-- Name: auth_group_permissions; Type: TABLE; Schema: public; Owner: postgres
--

CREATE TABLE public.auth_group_permissions (
    id bigint NOT NULL,
    group_id integer NOT NULL,
    permission_id integer NOT NULL
);


ALTER TABLE public.auth_group_permissions OWNER TO postgres;

--
-- TOC entry 226 (class 1259 OID 174989)
-- Name: auth_group_permissions_id_seq; Type: SEQUENCE; Schema: public; Owner: postgres
--

ALTER TABLE public.auth_group_permissions ALTER COLUMN id ADD GENERATED BY DEFAULT AS IDENTITY (
    SEQUENCE NAME public.auth_group_permissions_id_seq
    START WITH 1
    INCREMENT BY 1
    NO MINVALUE
    NO MAXVALUE
    CACHE 1
);


--
-- TOC entry 223 (class 1259 OID 174976)
-- Name: auth_permission; Type: TABLE; Schema: public; Owner: postgres
--

CREATE TABLE public.auth_permission (
    id integer NOT NULL,
    name character varying(255) NOT NULL,
    content_type_id integer NOT NULL,
    codename character varying(100) NOT NULL
);


ALTER TABLE public.auth_permission OWNER TO postgres;

--
-- TOC entry 222 (class 1259 OID 174975)
-- Name: auth_permission_id_seq; Type: SEQUENCE; Schema: public; Owner: postgres
--

ALTER TABLE public.auth_permission ALTER COLUMN id ADD GENERATED BY DEFAULT AS IDENTITY (
    SEQUENCE NAME public.auth_permission_id_seq
    START WITH 1
    INCREMENT BY 1
    NO MINVALUE
    NO MAXVALUE
    CACHE 1
);


--
-- TOC entry 235 (class 1259 OID 175078)
-- Name: django_admin_log; Type: TABLE; Schema: public; Owner: postgres
--

CREATE TABLE public.django_admin_log (
    id integer NOT NULL,
    action_time timestamp with time zone NOT NULL,
    object_id text,
    object_repr character varying(200) NOT NULL,
    action_flag smallint NOT NULL,
    change_message text NOT NULL,
    content_type_id integer,
    user_id bigint NOT NULL,
    CONSTRAINT django_admin_log_action_flag_check CHECK ((action_flag >= 0))
);


ALTER TABLE public.django_admin_log OWNER TO postgres;

--
-- TOC entry 234 (class 1259 OID 175077)
-- Name: django_admin_log_id_seq; Type: SEQUENCE; Schema: public; Owner: postgres
--

ALTER TABLE public.django_admin_log ALTER COLUMN id ADD GENERATED BY DEFAULT AS IDENTITY (
    SEQUENCE NAME public.django_admin_log_id_seq
    START WITH 1
    INCREMENT BY 1
    NO MINVALUE
    NO MAXVALUE
    CACHE 1
);


--
-- TOC entry 221 (class 1259 OID 174968)
-- Name: django_content_type; Type: TABLE; Schema: public; Owner: postgres
--

CREATE TABLE public.django_content_type (
    id integer NOT NULL,
    app_label character varying(100) NOT NULL,
    model character varying(100) NOT NULL
);


ALTER TABLE public.django_content_type OWNER TO postgres;

--
-- TOC entry 220 (class 1259 OID 174967)
-- Name: django_content_type_id_seq; Type: SEQUENCE; Schema: public; Owner: postgres
--

ALTER TABLE public.django_content_type ALTER COLUMN id ADD GENERATED BY DEFAULT AS IDENTITY (
    SEQUENCE NAME public.django_content_type_id_seq
    START WITH 1
    INCREMENT BY 1
    NO MINVALUE
    NO MAXVALUE
    CACHE 1
);


--
-- TOC entry 219 (class 1259 OID 174962)
-- Name: django_migrations; Type: TABLE; Schema: public; Owner: postgres
--

CREATE TABLE public.django_migrations (
    id bigint NOT NULL,
    app character varying(255) NOT NULL,
    name character varying(255) NOT NULL,
    applied timestamp with time zone NOT NULL
);


ALTER TABLE public.django_migrations OWNER TO postgres;

--
-- TOC entry 218 (class 1259 OID 174961)
-- Name: django_migrations_id_seq; Type: SEQUENCE; Schema: public; Owner: postgres
--

ALTER TABLE public.django_migrations ALTER COLUMN id ADD GENERATED BY DEFAULT AS IDENTITY (
    SEQUENCE NAME public.django_migrations_id_seq
    START WITH 1
    INCREMENT BY 1
    NO MINVALUE
    NO MAXVALUE
    CACHE 1
);


--
-- TOC entry 256 (class 1259 OID 175205)
-- Name: django_rest_passwordreset_resetpasswordtoken; Type: TABLE; Schema: public; Owner: postgres
--

CREATE TABLE public.django_rest_passwordreset_resetpasswordtoken (
    created_at timestamp with time zone NOT NULL,
    key character varying(64) NOT NULL,
    ip_address inet,
    user_agent character varying(256) NOT NULL,
    user_id bigint NOT NULL,
    id integer NOT NULL
);


ALTER TABLE public.django_rest_passwordreset_resetpasswordtoken OWNER TO postgres;

--
-- TOC entry 257 (class 1259 OID 175221)
-- Name: django_rest_passwordreset_resetpasswordtoken_id_seq; Type: SEQUENCE; Schema: public; Owner: postgres
--

ALTER TABLE public.django_rest_passwordreset_resetpasswordtoken ALTER COLUMN id ADD GENERATED BY DEFAULT AS IDENTITY (
    SEQUENCE NAME public.django_rest_passwordreset_resetpasswordtoken_id_seq
    START WITH 1
    INCREMENT BY 1
    NO MINVALUE
    NO MAXVALUE
    CACHE 1
);


--
-- TOC entry 272 (class 1259 OID 175402)
-- Name: django_session; Type: TABLE; Schema: public; Owner: postgres
--

CREATE TABLE public.django_session (
    session_key character varying(40) NOT NULL,
    session_data text NOT NULL,
    expire_date timestamp with time zone NOT NULL
);


ALTER TABLE public.django_session OWNER TO postgres;

--
-- TOC entry 265 (class 1259 OID 175260)
-- Name: gestion_historicalasignacion; Type: TABLE; Schema: public; Owner: postgres
--

CREATE TABLE public.gestion_historicalasignacion (
    id bigint NOT NULL,
    estatus character varying(20) NOT NULL,
    motivo text,
    history_id integer NOT NULL,
    history_date timestamp with time zone NOT NULL,
    history_change_reason character varying(100),
    history_type character varying(1) NOT NULL,
    bien_id bigint,
    dependencia_id bigint,
    history_user_id bigint,
    responsable_id bigint,
    subdependencia_id bigint,
    fecha_creacion date
);


ALTER TABLE public.gestion_historicalasignacion OWNER TO postgres;

--
-- TOC entry 264 (class 1259 OID 175259)
-- Name: gestion_historicalasignacion_history_id_seq; Type: SEQUENCE; Schema: public; Owner: postgres
--

ALTER TABLE public.gestion_historicalasignacion ALTER COLUMN history_id ADD GENERATED BY DEFAULT AS IDENTITY (
    SEQUENCE NAME public.gestion_historicalasignacion_history_id_seq
    START WITH 1
    INCREMENT BY 1
    NO MINVALUE
    NO MAXVALUE
    CACHE 1
);


--
-- TOC entry 3590 (class 0 OID 175022)
-- Dependencies: 229
-- Data for Name: usuario; Type: TABLE DATA; Schema: cuenta; Owner: postgres
--

COPY cuenta.usuario (id, password, last_login, username, email, origen, cedula, nombre_apellido, pregunta_01, pregunta_02, pregunta_03, respuesta_01, respuesta_02, respuesta_03, fecha_registro, fecha_actualizacion, is_verified, is_active, is_staff, is_superuser) FROM stdin;
1	pbkdf2_sha256$720000$HCn1WtWivQIVDIFVatNUFM$ZRSyrAHf1bOaCYw5CohVG8zg/Ll7cvesFLMAQ4uuNyg=	2025-10-10 18:05:53.437407+00	admin	kleiber8113@gmail.com	V	29596688	Kleiber Aranguren	INDETERMINADA	INDETERMINADA	INDETERMINADA	INDETERMINADA	INDETERMINADA	INDETERMINADA	2025-10-07 14:32:03.320477+00	2025-10-07 14:32:03.331292+00	t	t	t	t
\.


--
-- TOC entry 3592 (class 0 OID 175034)
-- Dependencies: 231
-- Data for Name: usuario_groups; Type: TABLE DATA; Schema: cuenta; Owner: postgres
--

COPY cuenta.usuario_groups (id, user_id, group_id) FROM stdin;
\.


--
-- TOC entry 3594 (class 0 OID 175040)
-- Dependencies: 233
-- Data for Name: usuario_user_permissions; Type: TABLE DATA; Schema: cuenta; Owner: postgres
--

COPY cuenta.usuario_user_permissions (id, user_id, permission_id) FROM stdin;
\.


--
-- TOC entry 3602 (class 0 OID 175244)
-- Dependencies: 261
-- Data for Name: asignacion; Type: TABLE DATA; Schema: gestion; Owner: postgres
--

COPY gestion.asignacion (id, estatus, motivo, dependencia_id, responsable_id, subdependencia_id, bien_id, fecha_creacion) FROM stdin;
48	Activa		1	9	1	49	2025-10-10
49	Activa		1	9	1	52	2025-10-10
50	Activa		1	9	1	53	2025-10-10
52	Activa		1	9	1	54	2025-10-10
51	Activa		1	9	1	51	2025-10-10
61	Activa		1	11	1	63	2025-10-10
60	Activa		1	11	1	62	2025-10-10
59	Activa		1	11	1	61	2025-10-10
58	Activa		1	10	1	60	2025-10-10
57	Activa		1	10	1	59	2025-10-10
56	Activa		1	10	1	58	2025-10-10
55	Activa		1	10	1	57	2025-10-10
54	Activa		1	10	1	56	2025-10-10
53	Activa		1	10	1	55	2025-10-10
43	Activa		1	7	1	43	2025-10-09
42	Activa		1	7	1	42	2025-10-09
41	Activa		1	7	1	41	2025-10-09
40	Activa		1	7	1	40	2025-10-09
39	Activa		1	7	1	39	2025-10-09
38	Activa		1	6	1	38	2025-10-09
37	Activa		1	6	1	37	2025-10-09
36	Activa		1	6	1	36	2025-10-09
35	Activa		1	5	1	35	2025-10-09
34	Activa		1	5	1	34	2025-10-09
33	Activa		1	5	1	33	2025-10-09
31	Activa		1	5	1	31	2025-10-09
32	Activa		1	5	1	32	2025-10-09
30	Activa		1	5	1	30	2025-10-09
29	Activa		1	5	1	29	2025-10-09
27	Activa		1	4	1	28	2025-10-09
26	Activa		1	4	1	26	2025-10-09
25	Activa		1	4	1	27	2025-10-09
24	Activa		1	4	1	24	2025-10-09
23	Activa		1	4	1	23	2025-10-09
22	Activa		1	3	1	22	2025-10-09
21	Activa		1	3	1	21	2025-10-09
20	Activa		1	3	1	20	2025-10-09
19	Activa		1	3	1	19	2025-10-09
18	Activa		1	3	1	18	2025-10-09
17	Activa		1	3	1	17	2025-10-09
16	Activa		1	3	1	16	2025-10-09
15	Activa		1	3	1	15	2025-10-09
14	Activa		1	2	1	14	2025-10-09
13	Activa		1	2	1	13	2025-10-09
12	Activa		1	2	1	12	2025-10-09
11	Activa		1	2	1	11	2025-10-09
10	Activa		1	2	1	10	2025-10-09
9	Activa		1	2	1	9	2025-10-09
8	Activa		1	2	1	8	2025-10-09
1	Activa		1	1	1	1	2025-10-09
7	Activa		1	1	1	7	2025-10-09
6	Activa		1	1	1	6	2025-10-09
5	Activa		1	1	1	5	2025-10-09
4	Activa		1	1	1	4	2025-10-09
3	Activa		1	1	1	3	2025-10-09
2	Activa		1	1	1	2	2025-10-09
46	Activa		1	8	1	46	2025-10-09
44	Activa		1	8	1	44	2025-10-09
78	Activa		1	13	1	79	2025-10-10
77	Activa		1	13	1	78	2025-10-10
76	Activa		1	13	1	77	2025-10-10
75	Activa		1	13	1	76	2025-10-10
73	Activa		1	13	1	74	2025-10-10
74	Activa		1	13	1	75	2025-10-10
72	Activa		1	13	1	73	2025-10-10
71	Activa		1	12	1	25	2025-10-10
70	Activa		1	12	1	72	2025-10-10
69	Activa		1	12	1	71	2025-10-10
68	Activa		1	12	1	70	2025-10-10
67	Activa		1	12	1	69	2025-10-10
66	Activa		1	12	1	68	2025-10-10
65	Activa		1	12	1	67	2025-10-10
64	Activa		1	11	1	66	2025-10-10
63	Activa		1	11	1	65	2025-10-10
62	Activa		1	11	1	64	2025-10-10
\.


--
-- TOC entry 3600 (class 0 OID 175234)
-- Dependencies: 259
-- Data for Name: bien; Type: TABLE DATA; Schema: gestion; Owner: postgres
--

COPY gestion.bien (id, caracteristicas, cod_bien, tipo_uso, valor_unitario, condicion, estatus, fecha_adquisicion, categoria_id, marca_id, modelo_id, subcategoria_id, color_id) FROM stdin;
2	\N	OTICDIRSI03015	\N	100.00	Nuevo	Disponible	\N	2	2	1	\N	1
4	\N	A077990	\N	100.00	Nuevo	Disponible	\N	4	3	2	\N	1
6	\N	09140707442	\N	100.00	Usado	Disponible	2025-10-07	6	4	3	\N	1
11	\N	009236	\N	100.00	Usado	Disponible	\N	4	3	4	\N	1
13	\N	A078004	\N	100.00	Usado	Disponible	\N	4	6	5	\N	1
17	\N	033496	\N	100.00	Usado	Disponible	\N	4	3	6	\N	1
22	\N	A016154	\N	100.00	Nuevo	Disponible	\N	6	4	3	\N	1
23	\N	007272	\N	100.00	Usado	Disponible	\N	4	9	7	\N	1
28	\N	A077985	\N	100.00	Usado	Disponible	\N	6	4	3	\N	1
9	\N	A016155	\N	100.00	Usado	Disponible	\N	1	5	15	\N	1
31	\N	A009802	\N	1.00	Usado	Disponible	\N	4	3	4	\N	1
32	\N	A016164	\N	1.00	Usado	Disponible	\N	6	4	3	\N	1
36	\N	A077983	\N	100.00	Usado	Disponible	\N	3	1	1	\N	1
40	\N	A016141	\N	1.00	Usado	Disponible	\N	1	11	8	\N	1
42	\N	7591186001880	\N	100.00	Usado	Disponible	\N	2	12	9	\N	1
43	\N	09120660492	\N	1.00	Usado	Disponible	\N	6	4	3	\N	1
57	\N	BIEN-E060E1EF	\N	0.00	Usado	Disponible	\N	2	1	20	\N	1
41	\N	A016214	\N	1.00	Usado	Disponible	\N	5	13	10	\N	2
39	\N	A0162209	\N	1.00	Usado	Disponible	\N	3	1	11	\N	1
38	\N	A000870	\N	100.00	Usado	Disponible	\N	7	8	12	\N	1
37	\N	010267	\N	100.00	Usado	Disponible	\N	5	13	10	\N	2
35	\N	A016215	\N	1.00	Usado	Disponible	\N	7	13	10	\N	1
34	\N	A007146	\N	1.00	Usado	Disponible	\N	8	13	10	\N	2
33	\N	A016169	\N	1.00	Usado	Disponible	\N	5	13	10	\N	2
30	\N	A077836	\N	1.00	Usado	Disponible	\N	1	10	13	\N	1
27	\N	A016207	\N	100.00	Usado	Disponible	\N	5	13	10	\N	2
29	\N	A078015	\N	1.00	Usado	Disponible	\N	3	1	11	\N	1
26	\N	001100220	\N	100.00	Usado	Disponible	\N	8	13	10	\N	2
25	\N	A000865	\N	100.00	Usado	Disponible	\N	7	8	12	\N	1
24	\N	2202012883	\N	100.00	Usado	Disponible	\N	3	1	11	\N	1
21	\N	007328	\N	100.00	Usado	Disponible	\N	8	13	10	\N	2
20	\N	001100180	\N	100.00	Usado	Disponible	\N	5	13	10	\N	2
19	\N	A000849	\N	100.00	Usado	Disponible	\N	7	8	12	\N	1
18	\N	2802010676	\N	100.00	Usado	Disponible	\N	3	1	11	\N	1
15	\N	OTICDIRSI03014	\N	100.00	Usado	Disponible	\N	2	1	11	\N	1
14	\N	A016158	\N	100.00	Usado	Disponible	\N	5	13	10	\N	2
12	\N	A000841	\N	100.00	Usado	Disponible	\N	7	13	10	\N	1
10	\N	2202010698	\N	100.00	Usado	Disponible	\N	3	1	11	\N	1
8	\N	000051144	\N	100.00	Usado	Disponible	\N	2	2	16	\N	1
16	\N	A077987	\N	100.00	Usado	Disponible	\N	1	7	17	\N	1
7	\N	000593	\N	100.00	Nuevo	Disponible	2025-10-07	7	13	10	\N	3
5	\N	000037028	\N	100.00	Usado	Disponible	2025-10-07	5	13	10	\N	2
3	\N	2402010614	\N	100.00	Usado	Disponible	\N	3	1	11	\N	1
58	\N	2502013260	\N	0.00	Usado	Disponible	\N	3	1	11	\N	1
44	\N	36312	\N	170.00	Usado	Disponible	\N	5	13	10	\N	2
1	\N	A077992	\N	100.00	Usado	Disponible	\N	1	1	1	\N	1
45	\N	A016209	\N	100.00	Usado	Disponible	\N	3	1	18	\N	2
46	\N	A016156	\N	350.00	Usado	Disponible	\N	4	3	19	\N	1
47	\N	A016208	\N	336.00	Usado	Disponible	\N	1	1	1	\N	1
48	\N	BIEN-E4902B5E	\N	36.68	Nuevo	Disponible	\N	2	1	20	\N	1
49	\N	000051148	\N	59.00	Usado	Disponible	\N	2	2	21	\N	1
50	\N	A077994	\N	336.80	Usado	Disponible	\N	1	1	1	\N	1
51	\N	A016136	\N	26.85	Nuevo	Disponible	\N	6	4	3	\N	1
52	\N	2402010958	\N	352.03	Nuevo	Disponible	\N	3	1	18	\N	1
53	\N	A016173	\N	299.00	Usado	Disponible	\N	4	2	22	\N	1
54	\N	009597	\N	297.70	Usado	Disponible	\N	10	13	10	\N	2
55	\N	A077504	\N	100.00	Usado	Disponible	\N	1	14	23	\N	1
56	\N	032431	\N	0.00	Usado	Disponible	\N	4	3	24	\N	1
59	\N	A077988	\N	0.00	Nuevo	Disponible	\N	6	4	3	\N	1
60	\N	009592	\N	0.00	Nuevo	Disponible	\N	5	13	10	\N	1
61	\N	A077998	\N	0.00	Usado	Disponible	\N	1	1	1	\N	1
62	\N	01419049	\N	0.00	Nuevo	Disponible	\N	4	2	22	\N	1
63	\N	BIEN-761C641D	\N	0.00	Usado	Disponible	\N	2	1	20	\N	1
64	\N	A078013	\N	0.00	Usado	Disponible	\N	3	1	18	\N	1
65	\N	BIEN-8EE55584	\N	0.00	Usado	Disponible	\N	6	4	3	\N	1
66	\N	009616	\N	0.00	Usado	Disponible	\N	10	13	10	\N	1
67	\N	A077505	\N	0.00	Nuevo	Disponible	\N	1	1	1	\N	1
68	\N	A077502	\N	0.00	Usado	Disponible	\N	4	3	2	\N	1
69	\N	BIEN-3ECFA5EB	\N	0.00	Usado	Disponible	\N	2	1	20	\N	1
70	\N	2102011896	\N	0.00	Usado	Disponible	\N	3	1	18	\N	1
71	\N	A077503	\N	0.00	Usado	Disponible	\N	6	4	3	\N	1
72	\N	009600	\N	0.00	Usado	Disponible	\N	10	13	10	\N	1
73	\N	A016212	\N	0.00	Usado	Disponible	\N	1	11	8	\N	1
74	\N	009713	\N	0.00	Usado	Disponible	\N	4	3	2	\N	1
75	\N	GM-03022P	\N	0.00	Usado	Disponible	\N	2	15	25	\N	1
76	\N	A016213	\N	0.00	Usado	Disponible	\N	3	1	18	\N	1
77	\N	A016128	\N	0.00	Usado	Disponible	\N	6	4	3	\N	1
78	\N	07374210	\N	0.00	Usado	Disponible	\N	10	13	10	\N	1
79	\N	A000867	\N	0.00	Usado	Disponible	\N	7	8	12	\N	1
\.


--
-- TOC entry 3612 (class 0 OID 175280)
-- Dependencies: 271
-- Data for Name: detalle_prestamo; Type: TABLE DATA; Schema: gestion; Owner: postgres
--

COPY gestion.detalle_prestamo (id, condicion_devolucion, bien_id, prestamo_id) FROM stdin;
\.


--
-- TOC entry 3604 (class 0 OID 175252)
-- Dependencies: 263
-- Data for Name: director; Type: TABLE DATA; Schema: gestion; Owner: postgres
--

COPY gestion.director (id, resolucion, fecha_resolucion, gaceta, fecha_gaceta, fecha_designacion, persona_id) FROM stdin;
\.


--
-- TOC entry 3608 (class 0 OID 175268)
-- Dependencies: 267
-- Data for Name: prestamo; Type: TABLE DATA; Schema: gestion; Owner: postgres
--

COPY gestion.prestamo (id, fecha_inicio, fecha_final, fecha_devolucion, status, creado, actualizado, departamento_entrega_id, departamento_recibe_id, motivo_id) FROM stdin;
\.


--
-- TOC entry 3610 (class 0 OID 175274)
-- Dependencies: 269
-- Data for Name: responsable_prestamo; Type: TABLE DATA; Schema: gestion; Owner: postgres
--

COPY gestion.responsable_prestamo (id, rol, prestamo_id, responsable_id) FROM stdin;
\.


--
-- TOC entry 3586 (class 0 OID 174982)
-- Dependencies: 225
-- Data for Name: auth_group; Type: TABLE DATA; Schema: public; Owner: postgres
--

COPY public.auth_group (id, name) FROM stdin;
\.


--
-- TOC entry 3588 (class 0 OID 174990)
-- Dependencies: 227
-- Data for Name: auth_group_permissions; Type: TABLE DATA; Schema: public; Owner: postgres
--

COPY public.auth_group_permissions (id, group_id, permission_id) FROM stdin;
\.


--
-- TOC entry 3584 (class 0 OID 174976)
-- Dependencies: 223
-- Data for Name: auth_permission; Type: TABLE DATA; Schema: public; Owner: postgres
--

COPY public.auth_permission (id, name, content_type_id, codename) FROM stdin;
1	Can add log entry	1	add_logentry
2	Can change log entry	1	change_logentry
3	Can delete log entry	1	delete_logentry
4	Can view log entry	1	view_logentry
5	Can add permission	2	add_permission
6	Can change permission	2	change_permission
7	Can delete permission	2	delete_permission
8	Can view permission	2	view_permission
9	Can add group	3	add_group
10	Can change group	3	change_group
11	Can delete group	3	delete_group
12	Can view group	3	view_group
13	Can add content type	4	add_contenttype
14	Can change content type	4	change_contenttype
15	Can delete content type	4	delete_contenttype
16	Can view content type	4	view_contenttype
17	Can add session	5	add_session
18	Can change session	5	change_session
19	Can delete session	5	delete_session
20	Can view session	5	view_session
21	Can add Usuario	6	add_user
22	Can change Usuario	6	change_user
23	Can delete Usuario	6	delete_user
24	Can view Usuario	6	view_user
25	Can add Categoria	7	add_categoria
26	Can change Categoria	7	change_categoria
27	Can delete Categoria	7	delete_categoria
28	Can view Categoria	7	view_categoria
29	Can add Color	8	add_color
30	Can change Color	8	change_color
31	Can delete Color	8	delete_color
32	Can view Color	8	view_color
33	Can add Dependencia	9	add_dependencia
34	Can change Dependencia	9	change_dependencia
35	Can delete Dependencia	9	delete_dependencia
36	Can view Dependencia	9	view_dependencia
37	Can add Marca	10	add_marca
38	Can change Marca	10	change_marca
39	Can delete Marca	10	delete_marca
40	Can view Marca	10	view_marca
41	Can add Motivo	11	add_motivo
42	Can change Motivo	11	change_motivo
43	Can delete Motivo	11	delete_motivo
44	Can view Motivo	11	view_motivo
45	Can add Persona	12	add_persona
46	Can change Persona	12	change_persona
47	Can delete Persona	12	delete_persona
48	Can view Persona	12	view_persona
49	Can add Modelo	13	add_modelo
50	Can change Modelo	13	change_modelo
51	Can delete Modelo	13	delete_modelo
52	Can view Modelo	13	view_modelo
53	Can add Subcategoria	14	add_subcategoria
54	Can change Subcategoria	14	change_subcategoria
55	Can delete Subcategoria	14	delete_subcategoria
56	Can view Subcategoria	14	view_subcategoria
57	Can add Subdependencia	15	add_subdependencia
58	Can change Subdependencia	15	change_subdependencia
59	Can delete Subdependencia	15	delete_subdependencia
60	Can view Subdependencia	15	view_subdependencia
61	Can add Responsable	16	add_responsable
62	Can change Responsable	16	change_responsable
63	Can delete Responsable	16	delete_responsable
64	Can view Responsable	16	view_responsable
65	Can add Bien	17	add_bien
66	Can change Bien	17	change_bien
67	Can delete Bien	17	delete_bien
68	Can view Bien	17	view_bien
69	Can add asignacion	18	add_asignacion
70	Can change asignacion	18	change_asignacion
71	Can delete asignacion	18	delete_asignacion
72	Can view asignacion	18	view_asignacion
73	Can add Director	19	add_director
74	Can change Director	19	change_director
75	Can delete Director	19	delete_director
76	Can view Director	19	view_director
77	Can add historical asignacion	20	add_historicalasignacion
78	Can change historical asignacion	20	change_historicalasignacion
79	Can delete historical asignacion	20	delete_historicalasignacion
80	Can view historical asignacion	20	view_historicalasignacion
81	Can add préstamo	21	add_prestamo
82	Can change préstamo	21	change_prestamo
83	Can delete préstamo	21	delete_prestamo
84	Can view préstamo	21	view_prestamo
85	Can add responsable de préstamo	22	add_responsableprestamo
86	Can change responsable de préstamo	22	change_responsableprestamo
87	Can delete responsable de préstamo	22	delete_responsableprestamo
88	Can view responsable de préstamo	22	view_responsableprestamo
89	Can add detalle de préstamo	23	add_detalleprestamo
90	Can change detalle de préstamo	23	change_detalleprestamo
91	Can delete detalle de préstamo	23	delete_detalleprestamo
92	Can view detalle de préstamo	23	view_detalleprestamo
93	Can add asignacion	24	add_historicoasignacion
94	Can change asignacion	24	change_historicoasignacion
95	Can delete asignacion	24	delete_historicoasignacion
96	Can view asignacion	24	view_historicoasignacion
97	Can add Password Reset Token	25	add_resetpasswordtoken
98	Can change Password Reset Token	25	change_resetpasswordtoken
99	Can delete Password Reset Token	25	delete_resetpasswordtoken
100	Can view Password Reset Token	25	view_resetpasswordtoken
\.


--
-- TOC entry 3596 (class 0 OID 175078)
-- Dependencies: 235
-- Data for Name: django_admin_log; Type: TABLE DATA; Schema: public; Owner: postgres
--

COPY public.django_admin_log (id, action_time, object_id, object_repr, action_flag, change_message, content_type_id, user_id) FROM stdin;
1	2025-10-07 15:05:07.547058+00	1	TECLADO	1	[{"added": {}}]	7	1
2	2025-10-07 15:05:44.112406+00	1	EXO	1	[{"added": {}}, {"added": {"name": "Modelo", "object": "K305"}}]	10	1
3	2025-10-07 15:29:35.293263+00	1	Negro	1	[{"added": {}}]	8	1
4	2025-10-07 15:35:59.97372+00	1	A016209 - TECLADO K305	1	[{"added": {}}]	17	1
5	2025-10-07 15:36:41.342477+00	1	ARANGUREN PACHECO KLEIBER - V - 29596688	1	[{"added": {}}]	12	1
6	2025-10-07 15:38:25.403988+00	1	OTIC	1	[{"added": {}}, {"added": {"name": "Subdependencia", "object": "SISTEMAS"}}]	9	1
7	2025-10-07 15:39:19.443006+00	1	ARANGUREN PACHECO KLEIBER	1	[{"added": {}}, {"added": {"name": "asignacion", "object": "Asignacion object (1)"}}]	16	1
8	2025-10-07 17:22:28.881984+00	2	MOUSE	1	[{"added": {}}]	7	1
9	2025-10-07 17:22:43.005732+00	2	VIT	1	[{"added": {}}]	10	1
10	2025-10-07 17:23:22.907351+00	2	OTICDIRSI03015 - MOUSE K305	1	[{"added": {}}]	17	1
11	2025-10-07 17:23:46.865838+00	1	ARANGUREN PACHECO KLEIBER	2	[{"added": {"name": "asignacion", "object": "Asignacion object (2)"}}]	16	1
12	2025-10-07 17:24:58.3456+00	3	SERVIDOR	1	[{"added": {}}]	7	1
13	2025-10-07 17:26:58.159039+00	3	2402010614 - SERVIDOR None	1	[{"added": {}}]	17	1
14	2025-10-07 17:28:02.552223+00	4	MONITOR	1	[{"added": {}}]	7	1
15	2025-10-07 17:28:12.049542+00	3	AOC	1	[{"added": {}}]	10	1
16	2025-10-07 17:31:14.52597+00	2	TFTI85W80PS	1	[{"added": {}}]	13	1
17	2025-10-07 17:31:26.368255+00	4	A077990 - MONITOR TFTI85W80PS	1	[{"added": {}}]	17	1
18	2025-10-07 17:33:59.857573+00	5	ESCRITORIO	1	[{"added": {}}]	7	1
19	2025-10-07 17:36:10.809535+00	2	Beige	1	[{"added": {}}]	8	1
20	2025-10-07 17:36:39.909548+00	5	000037028 - ESCRITORIO None	1	[{"added": {}}]	17	1
21	2025-10-07 17:39:22.976529+00	6	PROTECTOR DE VOLTAJE	1	[{"added": {}}]	7	1
22	2025-10-07 17:39:35.622482+00	4	FORZA	1	[{"added": {}}]	10	1
23	2025-10-07 17:40:37.862137+00	3	FVR-1218	1	[{"added": {}}]	13	1
24	2025-10-07 17:41:15.92977+00	6	09140707442 - PROTECTOR DE VOLTAJE FVR-1218	1	[{"added": {}}]	17	1
25	2025-10-07 17:42:09.655116+00	7	SILLA	1	[{"added": {}}]	7	1
26	2025-10-07 17:42:48.174236+00	3	GRIS	1	[{"added": {}}]	8	1
27	2025-10-07 17:43:14.509119+00	7	000593 - SILLA None	1	[{"added": {}}]	17	1
28	2025-10-07 17:43:36.987674+00	1	ARANGUREN PACHECO KLEIBER	2	[{"added": {"name": "asignacion", "object": "Asignacion object (3)"}}, {"added": {"name": "asignacion", "object": "Asignacion object (4)"}}, {"added": {"name": "asignacion", "object": "Asignacion object (5)"}}, {"added": {"name": "asignacion", "object": "Asignacion object (6)"}}, {"added": {"name": "asignacion", "object": "Asignacion object (7)"}}]	16	1
29	2025-10-07 17:47:47.968172+00	2	MACIAS JONATHAN - E - 84557649	1	[{"added": {}}]	12	1
30	2025-10-07 17:56:22.878136+00	8	000051144 - MOUSE None	1	[{"added": {}}]	17	1
31	2025-10-07 17:59:13.578673+00	5	Compaq	1	[{"added": {}}]	10	1
32	2025-10-07 18:00:42.774006+00	9	A016155 - TECLADO None	1	[{"added": {}}]	17	1
33	2025-10-07 18:02:06.898987+00	10	2202010698 - SERVIDOR None	1	[{"added": {}}]	17	1
34	2025-10-07 18:05:15.279183+00	4	718Swag-1	1	[{"added": {}}]	13	1
35	2025-10-07 18:05:56.699327+00	11	009236 - MONITOR 718Swag-1	1	[{"added": {}}]	17	1
36	2025-10-07 18:07:07.028424+00	6	BENQ	1	[{"added": {}}]	10	1
37	2025-10-07 18:08:12.516735+00	5	senseye 3	1	[{"added": {}}]	13	1
38	2025-10-07 18:11:03.803774+00	12	A000841 - SILLA None	1	[{"added": {}}]	17	1
39	2025-10-07 18:13:36.972159+00	13	A078004 - MONITOR senseye 3	1	[{"added": {}}]	17	1
40	2025-10-07 18:14:46.989945+00	14	A016158 - ESCRITORIO None	1	[{"added": {}}]	17	1
41	2025-10-07 18:15:34.68084+00	2	MACIAS JONATHAN	1	[{"added": {}}, {"added": {"name": "asignacion", "object": "Asignacion object (8)"}}, {"added": {"name": "asignacion", "object": "Asignacion object (9)"}}, {"added": {"name": "asignacion", "object": "Asignacion object (10)"}}, {"added": {"name": "asignacion", "object": "Asignacion object (11)"}}, {"added": {"name": "asignacion", "object": "Asignacion object (12)"}}, {"added": {"name": "asignacion", "object": "Asignacion object (13)"}}, {"added": {"name": "asignacion", "object": "Asignacion object (14)"}}]	16	1
42	2025-10-07 18:17:48.974063+00	3	BOUZA JUAN - V - 30502053	1	[{"added": {}}]	12	1
43	2025-10-07 18:18:08.628275+00	3	BOUZA JUAN	1	[{"added": {}}]	16	1
44	2025-10-07 18:20:01.334053+00	15	OTICDIRSI03014 - MOUSE None	1	[{"added": {}}]	17	1
45	2025-10-07 18:21:39.944234+00	7	LOGITECH	1	[{"added": {}}]	10	1
46	2025-10-07 18:22:05.658343+00	16	A077987 - TECLADO None	1	[{"added": {}}]	17	1
47	2025-10-07 18:24:50.485893+00	6	F19S	1	[{"added": {}}]	13	1
48	2025-10-07 18:25:05.554086+00	17	033496 - MONITOR F19S	1	[{"added": {}}]	17	1
49	2025-10-07 18:26:14.69659+00	18	2802010676 - SERVIDOR None	1	[{"added": {}}]	17	1
50	2025-10-07 18:29:47.255961+00	8	DELL	1	[{"added": {}}]	10	1
51	2025-10-07 18:29:59.924735+00	19	A000849 - SILLA None	1	[{"added": {}}]	17	1
52	2025-10-07 18:33:30.206799+00	20	001100180 - ESCRITORIO None	1	[{"added": {}}]	17	1
53	2025-10-07 18:34:40.965744+00	8	ESTANTE	1	[{"added": {}}]	7	1
54	2025-10-07 18:34:52.571033+00	21	007328 - ESTANTE None	1	[{"added": {}}]	17	1
55	2025-10-07 18:35:16.954494+00	3	BOUZA JUAN	2	[{"added": {"name": "asignacion", "object": "Asignacion object (15)"}}, {"added": {"name": "asignacion", "object": "Asignacion object (16)"}}, {"added": {"name": "asignacion", "object": "Asignacion object (17)"}}, {"added": {"name": "asignacion", "object": "Asignacion object (18)"}}, {"added": {"name": "asignacion", "object": "Asignacion object (19)"}}, {"added": {"name": "asignacion", "object": "Asignacion object (20)"}}, {"added": {"name": "asignacion", "object": "Asignacion object (21)"}}]	16	1
56	2025-10-07 18:36:43.550957+00	22	A016154 - PROTECTOR DE VOLTAJE FVR-1218	1	[{"added": {}}]	17	1
57	2025-10-07 18:36:49.090402+00	3	BOUZA JUAN	2	[{"added": {"name": "asignacion", "object": "Asignacion object (22)"}}]	16	1
58	2025-10-07 18:38:47.203869+00	4	LONGA VANESSA - V - 27914751	1	[{"added": {}}]	12	1
59	2025-10-07 18:40:41.424296+00	9	IBM	1	[{"added": {}}]	10	1
60	2025-10-07 18:40:57.219565+00	7	THINKVISION	1	[{"added": {}}]	13	1
61	2025-10-07 18:41:11.313259+00	23	007272 - MONITOR THINKVISION	1	[{"added": {}}]	17	1
62	2025-10-07 18:42:22.352405+00	24	2202012883 - SERVIDOR None	1	[{"added": {}}]	17	1
63	2025-10-07 18:42:32.525599+00	23	007272 - MONITOR THINKVISION	2	[{"changed": {"fields": ["Condici\\u00f3n"]}}]	17	1
64	2025-10-07 18:44:41.970118+00	25	A000865 - SILLA None	1	[{"added": {}}]	17	1
65	2025-10-07 18:45:20.132582+00	26	001100220 - ESTANTE None	1	[{"added": {}}]	17	1
66	2025-10-07 18:46:05.770222+00	27	A016207 - ESCRITORIO None	1	[{"added": {}}]	17	1
67	2025-10-07 18:47:06.452176+00	28	A077985 - PROTECTOR DE VOLTAJE FVR-1218	1	[{"added": {}}]	17	1
68	2025-10-07 18:47:18.122965+00	27	A016207 - ESCRITORIO None	2	[{"changed": {"fields": ["Condici\\u00f3n"]}}]	17	1
69	2025-10-07 18:51:22.632793+00	4	LONGA VANESSA	1	[{"added": {}}]	16	1
70	2025-10-07 18:52:24.071111+00	4	LONGA VANESSA	2	[{"added": {"name": "asignacion", "object": "Asignacion object (23)"}}]	16	1
71	2025-10-07 18:52:54.331217+00	4	LONGA VANESSA	2	[{"added": {"name": "asignacion", "object": "Asignacion object (24)"}}]	16	1
72	2025-10-07 18:53:21.072333+00	4	LONGA VANESSA	2	[{"added": {"name": "asignacion", "object": "Asignacion object (25)"}}]	16	1
73	2025-10-07 18:53:46.309095+00	4	LONGA VANESSA	2	[{"added": {"name": "asignacion", "object": "Asignacion object (26)"}}]	16	1
74	2025-10-07 18:54:10.689157+00	4	LONGA VANESSA	2	[{"added": {"name": "asignacion", "object": "Asignacion object (27)"}}]	16	1
75	2025-10-07 18:54:33.334466+00	4	LONGA VANESSA	2	[{"added": {"name": "asignacion", "object": "Asignacion object (28)"}}]	16	1
76	2025-10-07 18:56:54.772184+00	5	PEDRO  FERNANDO  GUZMAN  RODRIGUEZ - V - 31826679	1	[{"added": {}}]	12	1
77	2025-10-07 18:58:31.610933+00	5	PEDRO  FERNANDO  GUZMAN  RODRIGUEZ - V - 31826679	2	[]	12	1
78	2025-10-07 19:00:38.594507+00	5	PEDRO  FERNANDO  GUZMAN  RODRIGUEZ - V - 31826679	2	[]	12	1
79	2025-10-07 19:01:00.861089+00	5	EZEQUIEL VASQUEZ - V - 31826679	2	[{"changed": {"fields": ["Nombres/Apellidos"]}}]	12	1
80	2025-10-07 19:01:25.378785+00	5	EZEQUIEL VASQUEZ	1	[{"added": {}}]	16	1
81	2025-10-07 19:04:02.003625+00	29	A078015 - SERVIDOR None	1	[{"added": {}}]	17	1
82	2025-10-07 19:05:55.784612+00	10	GENERICO	1	[{"added": {}}]	10	1
83	2025-10-07 19:06:06.357287+00	30	A077836 - TECLADO None	1	[{"added": {}}]	17	1
84	2025-10-07 19:09:35.167638+00	31	A009802 - MONITOR 718Swag-1	1	[{"added": {}}]	17	1
85	2025-10-07 19:11:24.937762+00	32	A016164 - PROTECTOR DE VOLTAJE FVR-1218	1	[{"added": {}}]	17	1
86	2025-10-07 19:12:50.5202+00	33	A016169 - ESCRITORIO None	1	[{"added": {}}]	17	1
87	2025-10-07 19:13:37.369105+00	34	A007146 - ESTANTE None	1	[{"added": {}}]	17	1
88	2025-10-07 19:15:00.550124+00	35	A016215 - SILLA None	1	[{"added": {}}]	17	1
89	2025-10-07 19:15:05.775119+00	5	EZEQUIEL VASQUEZ	2	[{"added": {"name": "asignacion", "object": "Asignacion object (29)"}}, {"added": {"name": "asignacion", "object": "Asignacion object (30)"}}, {"added": {"name": "asignacion", "object": "Asignacion object (31)"}}, {"added": {"name": "asignacion", "object": "Asignacion object (32)"}}, {"added": {"name": "asignacion", "object": "Asignacion object (33)"}}, {"added": {"name": "asignacion", "object": "Asignacion object (34)"}}, {"added": {"name": "asignacion", "object": "Asignacion object (35)"}}]	16	1
90	2025-10-07 19:17:04.319563+00	6	GONZALEZ DANNY - V - 21116060	1	[{"added": {}}]	12	1
91	2025-10-07 19:17:11.891683+00	6	GONZALEZ DANNY	1	[{"added": {}}]	16	1
92	2025-10-07 19:17:50.1968+00	36	A077983 - SERVIDOR K305	1	[{"added": {}}]	17	1
93	2025-10-07 19:18:53.557231+00	37	010267 - ESCRITORIO None	1	[{"added": {}}]	17	1
94	2025-10-07 19:19:00.899242+00	6	GONZALEZ DANNY	2	[{"added": {"name": "asignacion", "object": "Asignacion object (36)"}}, {"added": {"name": "asignacion", "object": "Asignacion object (37)"}}]	16	1
95	2025-10-07 19:20:10.759006+00	38	A000870 - SILLA None	1	[{"added": {}}]	17	1
96	2025-10-07 19:20:56.063222+00	6	GONZALEZ DANNY	2	[{"added": {"name": "asignacion", "object": "Asignacion object (38)"}}]	16	1
97	2025-10-07 19:23:06.928748+00	7	Anthony Alejandro Travieso Hernández - V - 31255522	1	[{"added": {}}]	12	1
98	2025-10-07 19:23:20.73151+00	7	Anthony Alejandro Travieso Hernández	1	[{"added": {}}]	16	1
99	2025-10-07 19:24:29.805214+00	39	27020112975 - SERVIDOR None	1	[{"added": {}}]	17	1
100	2025-10-07 19:25:15.033678+00	9	LENOVO	1	[{"added": {}}]	7	1
101	2025-10-07 19:25:56.763073+00	11	LENOVO	1	[{"added": {}}]	10	1
102	2025-10-07 19:26:32.413937+00	8	SK8825	1	[{"added": {}}]	13	1
103	2025-10-07 19:26:41.346861+00	9	LENOVO	3		7	1
104	2025-10-07 19:27:07.060157+00	40	A016141 - TECLADO SK8825	1	[{"added": {}}]	17	1
105	2025-10-07 19:30:55.117589+00	41	A016214 - ESCRITORIO None	1	[{"added": {}}]	17	1
106	2025-10-07 19:36:38.033412+00	12	SELEKTRO	1	[{"added": {}}]	10	1
107	2025-10-07 19:37:06.636653+00	9	SKMOO0020	1	[{"added": {}}]	13	1
108	2025-10-07 19:37:26.256471+00	42	7591186001880 - MOUSE SKMOO0020	1	[{"added": {}}]	17	1
109	2025-10-07 19:39:28.108129+00	43	09120660492 - PROTECTOR DE VOLTAJE FVR-1218	1	[{"added": {}}]	17	1
110	2025-10-07 19:40:18.386401+00	39	A0162209 - SERVIDOR None	2	[{"changed": {"fields": ["Codigo de bien"]}}]	17	1
111	2025-10-07 19:40:56.476607+00	7	Anthony Alejandro Travieso Hernández	2	[{"added": {"name": "asignacion", "object": "Asignacion object (39)"}}, {"added": {"name": "asignacion", "object": "Asignacion object (40)"}}, {"added": {"name": "asignacion", "object": "Asignacion object (41)"}}, {"added": {"name": "asignacion", "object": "Asignacion object (42)"}}, {"added": {"name": "asignacion", "object": "Asignacion object (43)"}}]	16	1
112	2025-10-09 13:55:31.852107+00	43	09120660492 - PROTECTOR DE VOLTAJE FVR-1218	2	[{"changed": {"fields": ["Condici\\u00f3n"]}}]	17	1
113	2025-10-09 13:55:43.733295+00	1	A016209 - TECLADO K305	2	[{"changed": {"fields": ["Condici\\u00f3n"]}}]	17	1
114	2025-10-09 13:56:38.093965+00	13	SIN MARCA	1	[{"added": {}}]	10	1
115	2025-10-09 13:58:18.618942+00	10	SIN MODELO	1	[{"added": {}}]	13	1
116	2025-10-09 13:58:24.511519+00	41	A016214 - ESCRITORIO SIN MODELO	2	[{"changed": {"fields": ["Marca", "Modelo"]}}]	17	1
117	2025-10-09 13:59:38.135534+00	11	SIN MODELO	1	[{"added": {}}]	13	1
118	2025-10-09 13:59:44.414494+00	39	A0162209 - SERVIDOR SIN MODELO	2	[{"changed": {"fields": ["Modelo"]}}]	17	1
119	2025-10-09 14:00:28.338106+00	12	SIN MODELO	1	[{"added": {}}]	13	1
120	2025-10-09 14:00:29.87732+00	38	A000870 - SILLA SIN MODELO	2	[{"changed": {"fields": ["Modelo"]}}]	17	1
121	2025-10-09 14:00:43.487619+00	37	010267 - ESCRITORIO SIN MODELO	2	[{"changed": {"fields": ["Marca", "Modelo"]}}]	17	1
122	2025-10-09 14:00:54.673543+00	35	A016215 - SILLA SIN MODELO	2	[{"changed": {"fields": ["Marca", "Modelo"]}}]	17	1
123	2025-10-09 14:01:03.776404+00	34	A007146 - ESTANTE SIN MODELO	2	[{"changed": {"fields": ["Marca", "Modelo"]}}]	17	1
124	2025-10-09 14:01:13.300738+00	33	A016169 - ESCRITORIO SIN MODELO	2	[{"changed": {"fields": ["Marca", "Modelo"]}}]	17	1
125	2025-10-09 14:02:29.71007+00	13	SIN MODELO	1	[{"added": {}}]	13	1
126	2025-10-09 14:02:31.625604+00	30	A077836 - TECLADO SIN MODELO	2	[{"changed": {"fields": ["Modelo"]}}]	17	1
127	2025-10-09 14:02:53.156151+00	27	A016207 - ESCRITORIO SIN MODELO	2	[{"changed": {"fields": ["Marca", "Modelo"]}}]	17	1
128	2025-10-09 14:03:11.221358+00	29	A078015 - SERVIDOR SIN MODELO	2	[{"changed": {"fields": ["Modelo"]}}]	17	1
129	2025-10-09 14:03:11.546414+00	29	A078015 - SERVIDOR SIN MODELO	2	[]	17	1
130	2025-10-09 14:03:36.111356+00	26	001100220 - ESTANTE SIN MODELO	2	[{"changed": {"fields": ["Marca", "Modelo"]}}]	17	1
131	2025-10-09 14:03:50.302012+00	25	A000865 - SILLA SIN MODELO	2	[{"changed": {"fields": ["Modelo"]}}]	17	1
132	2025-10-09 14:06:03.881706+00	24	2202012883 - SERVIDOR SIN MODELO	2	[{"changed": {"fields": ["Modelo"]}}]	17	1
133	2025-10-09 14:06:18.971229+00	21	007328 - ESTANTE SIN MODELO	2	[{"changed": {"fields": ["Marca", "Modelo"]}}]	17	1
134	2025-10-09 14:06:31.922504+00	20	001100180 - ESCRITORIO SIN MODELO	2	[{"changed": {"fields": ["Marca", "Modelo"]}}]	17	1
135	2025-10-09 14:06:44.064695+00	19	A000849 - SILLA SIN MODELO	2	[{"changed": {"fields": ["Modelo"]}}]	17	1
136	2025-10-09 14:06:55.76804+00	18	2802010676 - SERVIDOR SIN MODELO	2	[{"changed": {"fields": ["Modelo"]}}]	17	1
137	2025-10-09 14:07:26.842533+00	14	SIN MODELO	1	[{"added": {}}]	13	1
138	2025-10-09 14:07:30.971045+00	16	A077987 - TECLADO SIN MODELO	2	[{"changed": {"fields": ["Modelo"]}}]	17	1
139	2025-10-09 14:07:43.037421+00	15	OTICDIRSI03014 - MOUSE SIN MODELO	2	[{"changed": {"fields": ["Modelo"]}}]	17	1
140	2025-10-09 14:12:30.155655+00	14	A016158 - ESCRITORIO SIN MODELO	2	[{"changed": {"fields": ["Marca", "Modelo"]}}]	17	1
141	2025-10-09 14:15:23.939235+00	12	A000841 - SILLA SIN MODELO	2	[{"changed": {"fields": ["Marca", "Modelo"]}}]	17	1
142	2025-10-09 14:15:36.721346+00	10	2202010698 - SERVIDOR SIN MODELO	2	[{"changed": {"fields": ["Modelo"]}}]	17	1
143	2025-10-09 14:16:11.131113+00	15	SIN MODELO	1	[{"added": {}}]	13	1
144	2025-10-09 14:16:47.334611+00	9	A016155 - TECLADO SIN MODELO	2	[{"changed": {"fields": ["Modelo"]}}]	17	1
145	2025-10-09 14:17:05.425606+00	16	SIN MODELO	1	[{"added": {}}]	13	1
146	2025-10-09 14:17:16.252329+00	8	000051144 - MOUSE SIN MODELO	2	[{"changed": {"fields": ["Modelo"]}}]	17	1
147	2025-10-09 14:18:20.964498+00	17	SIN MODELO	1	[{"added": {}}]	13	1
148	2025-10-09 14:18:37.317306+00	16	A077987 - TECLADO None	2	[{"changed": {"fields": ["Modelo"]}}]	17	1
149	2025-10-09 14:18:43.515431+00	16	A077987 - TECLADO SIN MODELO	2	[{"changed": {"fields": ["Modelo"]}}]	17	1
150	2025-10-09 14:18:49.731879+00	14	SIN MODELO	3		13	1
151	2025-10-09 14:18:53.42899+00	7	000593 - SILLA SIN MODELO	2	[{"changed": {"fields": ["Marca", "Modelo"]}}]	17	1
152	2025-10-09 14:19:10.238451+00	5	000037028 - ESCRITORIO SIN MODELO	2	[{"changed": {"fields": ["Marca", "Modelo"]}}]	17	1
153	2025-10-09 14:19:18.005631+00	3	2402010614 - SERVIDOR SIN MODELO	2	[{"changed": {"fields": ["Modelo"]}}]	17	1
154	2025-10-09 16:50:18.475498+00	43	Asignacion object (43)	2	[{"changed": {"fields": ["Dependencia", "Subdependencia"]}}]	18	1
155	2025-10-09 16:50:25.881296+00	42	Asignacion object (42)	2	[{"changed": {"fields": ["Dependencia", "Subdependencia"]}}]	18	1
156	2025-10-09 16:50:33.181094+00	41	Asignacion object (41)	2	[{"changed": {"fields": ["Dependencia", "Subdependencia"]}}]	18	1
157	2025-10-09 16:50:42.017031+00	40	Asignacion object (40)	2	[{"changed": {"fields": ["Dependencia", "Subdependencia"]}}]	18	1
158	2025-10-09 16:50:49.643001+00	39	Asignacion object (39)	2	[{"changed": {"fields": ["Dependencia", "Subdependencia"]}}]	18	1
159	2025-10-09 16:50:55.663675+00	38	Asignacion object (38)	2	[{"changed": {"fields": ["Subdependencia"]}}]	18	1
160	2025-10-09 16:51:04.636255+00	37	Asignacion object (37)	2	[{"changed": {"fields": ["Subdependencia"]}}]	18	1
161	2025-10-09 16:51:13.98922+00	36	Asignacion object (36)	2	[{"changed": {"fields": ["Subdependencia"]}}]	18	1
162	2025-10-09 16:51:22.382867+00	35	Asignacion object (35)	2	[{"changed": {"fields": ["Dependencia", "Subdependencia"]}}]	18	1
163	2025-10-09 16:51:29.632656+00	34	Asignacion object (34)	2	[{"changed": {"fields": ["Dependencia", "Subdependencia"]}}]	18	1
164	2025-10-09 16:51:36.681489+00	33	Asignacion object (33)	2	[{"changed": {"fields": ["Dependencia", "Subdependencia"]}}]	18	1
165	2025-10-09 16:51:43.965112+00	31	Asignacion object (31)	2	[{"changed": {"fields": ["Dependencia", "Subdependencia"]}}]	18	1
166	2025-10-09 16:51:51.118216+00	32	Asignacion object (32)	2	[{"changed": {"fields": ["Dependencia", "Subdependencia"]}}]	18	1
167	2025-10-09 16:51:59.610835+00	30	Asignacion object (30)	2	[{"changed": {"fields": ["Dependencia", "Subdependencia"]}}]	18	1
168	2025-10-09 16:52:06.405877+00	29	Asignacion object (29)	2	[{"changed": {"fields": ["Dependencia", "Subdependencia"]}}]	18	1
169	2025-10-09 16:52:12.620888+00	28	Asignacion object (28)	2	[{"changed": {"fields": ["Subdependencia"]}}]	18	1
170	2025-10-09 16:52:23.672457+00	27	Asignacion object (27)	2	[{"changed": {"fields": ["Subdependencia"]}}]	18	1
171	2025-10-09 16:52:30.516532+00	26	Asignacion object (26)	2	[{"changed": {"fields": ["Subdependencia"]}}]	18	1
172	2025-10-09 16:52:37.991161+00	25	Asignacion object (25)	2	[{"changed": {"fields": ["Subdependencia"]}}]	18	1
173	2025-10-09 16:52:45.915654+00	24	Asignacion object (24)	2	[{"changed": {"fields": ["Subdependencia"]}}]	18	1
174	2025-10-09 16:52:51.739614+00	23	Asignacion object (23)	2	[{"changed": {"fields": ["Subdependencia"]}}]	18	1
175	2025-10-09 16:53:00.738325+00	22	Asignacion object (22)	2	[{"changed": {"fields": ["Subdependencia"]}}]	18	1
176	2025-10-09 16:53:11.051423+00	21	Asignacion object (21)	2	[{"changed": {"fields": ["Subdependencia"]}}]	18	1
177	2025-10-09 16:53:19.588743+00	20	Asignacion object (20)	2	[{"changed": {"fields": ["Subdependencia"]}}]	18	1
178	2025-10-09 16:53:26.580314+00	19	Asignacion object (19)	2	[{"changed": {"fields": ["Subdependencia"]}}]	18	1
179	2025-10-09 16:53:36.963782+00	18	Asignacion object (18)	2	[{"changed": {"fields": ["Subdependencia"]}}]	18	1
180	2025-10-09 16:53:43.444588+00	17	Asignacion object (17)	2	[{"changed": {"fields": ["Subdependencia"]}}]	18	1
181	2025-10-09 16:53:53.539189+00	16	Asignacion object (16)	2	[{"changed": {"fields": ["Subdependencia"]}}]	18	1
182	2025-10-09 16:54:02.220915+00	15	Asignacion object (15)	2	[{"changed": {"fields": ["Subdependencia"]}}]	18	1
183	2025-10-09 16:54:10.427497+00	14	Asignacion object (14)	2	[{"changed": {"fields": ["Subdependencia"]}}]	18	1
184	2025-10-09 16:54:18.618807+00	13	Asignacion object (13)	2	[{"changed": {"fields": ["Subdependencia"]}}]	18	1
185	2025-10-09 16:54:25.13557+00	12	Asignacion object (12)	2	[{"changed": {"fields": ["Subdependencia"]}}]	18	1
186	2025-10-09 16:54:32.118277+00	11	Asignacion object (11)	2	[{"changed": {"fields": ["Subdependencia"]}}]	18	1
187	2025-10-09 16:54:39.046734+00	10	Asignacion object (10)	2	[{"changed": {"fields": ["Subdependencia"]}}]	18	1
188	2025-10-09 16:54:47.008659+00	9	Asignacion object (9)	2	[{"changed": {"fields": ["Subdependencia"]}}]	18	1
189	2025-10-09 16:54:53.685641+00	8	Asignacion object (8)	2	[{"changed": {"fields": ["Subdependencia"]}}]	18	1
190	2025-10-09 16:55:02.82235+00	1	Asignacion object (1)	2	[{"changed": {"fields": ["Dependencia", "Subdependencia"]}}]	18	1
191	2025-10-09 16:55:11.003264+00	7	Asignacion object (7)	2	[{"changed": {"fields": ["Dependencia", "Subdependencia"]}}]	18	1
192	2025-10-09 16:55:18.615705+00	6	Asignacion object (6)	2	[{"changed": {"fields": ["Dependencia", "Subdependencia"]}}]	18	1
193	2025-10-09 16:55:25.481633+00	5	Asignacion object (5)	2	[{"changed": {"fields": ["Dependencia", "Subdependencia"]}}]	18	1
194	2025-10-09 16:55:33.816572+00	4	Asignacion object (4)	2	[{"changed": {"fields": ["Dependencia", "Subdependencia"]}}]	18	1
195	2025-10-09 16:55:40.345259+00	3	Asignacion object (3)	2	[{"changed": {"fields": ["Dependencia", "Subdependencia"]}}]	18	1
196	2025-10-09 16:55:47.890642+00	2	Asignacion object (2)	2	[{"changed": {"fields": ["Dependencia", "Subdependencia"]}}]	18	1
197	2025-10-09 17:09:55.048408+00	8	ALAYON SANDY - V - 27498161	1	[{"added": {}}]	12	1
198	2025-10-09 17:10:30.187447+00	8	ALAYON SANDY	1	[{"added": {}}]	16	1
199	2025-10-09 17:19:24.333975+00	2	BEIGE	2	[{"changed": {"fields": ["Nombre"]}}]	8	1
200	2025-10-09 17:19:45.353297+00	44	20010-0037 - ESCRITORIO SIN MODELO	1	[{"added": {}}]	17	1
201	2025-10-09 17:20:26.407051+00	44	20010-0037 - ESCRITORIO SIN MODELO	2	[{"changed": {"fields": ["Valor unitario"]}}]	17	1
202	2025-10-09 17:20:55.407698+00	44	36312 - ESCRITORIO SIN MODELO	2	[{"changed": {"fields": ["Codigo de bien"]}}]	17	1
203	2025-10-09 17:22:24.619779+00	18	C40	1	[{"added": {}}]	13	1
204	2025-10-09 17:25:33.285529+00	1	A077992 - TECLADO K305	2	[{"changed": {"fields": ["Codigo de bien"]}}]	17	1
205	2025-10-09 17:26:58.233344+00	8	ALAYON SANDY	2	[{"added": {"name": "asignacion", "object": "Asignacion object (44)"}}]	16	1
206	2025-10-09 17:27:43.418633+00	45	A016209 - SERVIDOR C40	1	[{"added": {}}]	17	1
207	2025-10-09 17:27:52.829491+00	8	ALAYON SANDY	2	[{"added": {"name": "asignacion", "object": "Asignacion object (45)"}}]	16	1
208	2025-10-09 17:29:16.004073+00	19	AUDACHA006824	1	[{"added": {}}]	13	1
209	2025-10-09 17:31:26.392865+00	46	A016156 - MONITOR AUDACHA006824	1	[{"added": {}}]	17	1
210	2025-10-09 17:31:30.522592+00	8	ALAYON SANDY	2	[{"added": {"name": "asignacion", "object": "Asignacion object (46)"}}]	16	1
211	2025-10-09 17:32:40.021907+00	47	A016208 - TECLADO K305	1	[{"added": {}}]	17	1
212	2025-10-09 17:32:48.014726+00	8	ALAYON SANDY	2	[{"added": {"name": "asignacion", "object": "Asignacion object (47)"}}]	16	1
213	2025-10-09 17:34:56.38415+00	20	M01	1	[{"added": {}}]	13	1
214	2025-10-09 18:13:51.530469+00	48	BIEN-E4902B5E - MOUSE M01	1	[{"added": {}}]	17	1
215	2025-10-09 18:18:54.413998+00	47	Asignacion object (47)	2	[{"changed": {"fields": ["Dependencia", "Subdependencia"]}}]	18	1
216	2025-10-09 18:19:02.466436+00	46	Asignacion object (46)	2	[{"changed": {"fields": ["Dependencia", "Subdependencia"]}}]	18	1
217	2025-10-09 18:19:09.758547+00	45	Asignacion object (45)	2	[{"changed": {"fields": ["Dependencia", "Subdependencia"]}}]	18	1
218	2025-10-09 18:19:17.31861+00	44	Asignacion object (44)	2	[{"changed": {"fields": ["Dependencia", "Subdependencia"]}}]	18	1
219	2025-10-09 18:20:50.727476+00	47	Asignacion object (47)	3		18	1
220	2025-10-09 18:20:50.817016+00	45	Asignacion object (45)	3		18	1
221	2025-10-10 14:04:08.817699+00	9	DAVID SÁNCHEZ - V - 12345678	1	[{"added": {}}]	12	1
222	2025-10-10 14:07:16.886887+00	49	000051148 - MOUSE SIN MODELO	1	[{"added": {}}]	17	1
223	2025-10-10 14:07:38.809489+00	21	MSB514Q13191A	1	[{"added": {}}]	13	1
224	2025-10-10 14:07:41.264468+00	49	000051148 - MOUSE MSB514Q13191A	2	[{"changed": {"fields": ["Modelo"]}}]	17	1
225	2025-10-10 14:07:44.952059+00	9	DAVID SÁNCHEZ	1	[{"added": {}}, {"added": {"name": "asignacion", "object": "Asignacion object (48)"}}]	16	1
226	2025-10-10 14:10:41.8828+00	50	A077994 - TECLADO K305	1	[{"added": {}}]	17	1
227	2025-10-10 14:26:30.148657+00	51	A016136 - PROTECTOR DE VOLTAJE FVR-1218	1	[{"added": {}}]	17	1
228	2025-10-10 15:52:47.90928+00	52	2402010958 - SERVIDOR C40	1	[{"added": {}}]	17	1
229	2025-10-10 15:57:27.99009+00	22	V1780L	1	[{"added": {}}]	13	1
230	2025-10-10 15:57:48.5513+00	53	A016173 - MONITOR V1780L	1	[{"added": {}}]	17	1
231	2025-10-10 15:58:31.875265+00	9	DAVID SÁNCHEZ	2	[{"added": {"name": "asignacion", "object": "Asignacion object (49)"}}, {"added": {"name": "asignacion", "object": "Asignacion object (50)"}}, {"added": {"name": "asignacion", "object": "Asignacion object (51)"}}]	16	1
232	2025-10-10 16:01:19.600433+00	10	MODULO DE TRABAJO  CON  ARTURITO	1	[{"added": {}}]	7	1
233	2025-10-10 16:02:24.910128+00	54	009597 - MODULO DE TRABAJO  CON  ARTURITO SIN MODELO	1	[{"added": {}}]	17	1
234	2025-10-10 16:02:35.317265+00	9	DAVID SÁNCHEZ	2	[{"added": {"name": "asignacion", "object": "Asignacion object (52)"}}]	16	1
235	2025-10-10 16:06:34.557498+00	10	Yilver Quevedo - V - 1000000	1	[{"added": {}}]	12	1
236	2025-10-10 16:12:06.794461+00	14	uGO	1	[{"added": {}}]	10	1
237	2025-10-10 16:12:57.482738+00	23	UKL-1074	1	[{"added": {}}]	13	1
238	2025-10-10 16:13:59.498208+00	55	A077504 - TECLADO UKL-1074	1	[{"added": {}}]	17	1
239	2025-10-10 16:14:11.686771+00	10	Yilver Quevedo	1	[{"added": {}}, {"added": {"name": "asignacion", "object": "Asignacion object (53)"}}]	16	1
240	2025-10-10 16:15:47.584482+00	24	SIN MODELO	1	[{"added": {}}]	13	1
241	2025-10-10 16:16:17.648444+00	56	032431 - MONITOR SIN MODELO	1	[{"added": {}}]	17	1
242	2025-10-10 16:17:02.392812+00	10	Yilver Quevedo	2	[{"added": {"name": "asignacion", "object": "Asignacion object (54)"}}]	16	1
243	2025-10-10 16:18:01.464954+00	57	BIEN-E060E1EF - MOUSE M01	1	[{"added": {}}]	17	1
244	2025-10-10 16:18:49.763189+00	10	Yilver Quevedo	2	[{"added": {"name": "asignacion", "object": "Asignacion object (55)"}}]	16	1
245	2025-10-10 16:20:15.249869+00	58	2502013260 - SERVIDOR SIN MODELO	1	[{"added": {}}]	17	1
246	2025-10-10 16:21:57.934438+00	59	A077988 - PROTECTOR DE VOLTAJE FVR-1218	1	[{"added": {}}]	17	1
247	2025-10-10 16:23:18.927257+00	5	ESCRITORIO SECRETARIAL	2	[{"changed": {"fields": ["Categor\\u00eda"]}}]	7	1
248	2025-10-10 16:23:40.559303+00	60	009592 - ESCRITORIO SECRETARIAL SIN MODELO	1	[{"added": {}}]	17	1
249	2025-10-10 16:26:35.535541+00	10	Yilver Quevedo	2	[{"added": {"name": "asignacion", "object": "Asignacion object (56)"}}, {"added": {"name": "asignacion", "object": "Asignacion object (57)"}}, {"added": {"name": "asignacion", "object": "Asignacion object (58)"}}]	16	1
250	2025-10-10 16:27:31.335052+00	11	MARY CARMEN - V - 200004569	1	[{"added": {}}]	12	1
251	2025-10-10 16:28:22.53951+00	61	A077998 - TECLADO K305	1	[{"added": {}}]	17	1
252	2025-10-10 16:30:15.716163+00	62	01419049 - MONITOR V1780L	1	[{"added": {}}]	17	1
253	2025-10-10 16:31:00.644646+00	63	BIEN-761C641D - MOUSE M01	1	[{"added": {}}]	17	1
254	2025-10-10 16:32:11.166681+00	64	A078013 - SERVIDOR C40	1	[{"added": {}}]	17	1
255	2025-10-10 16:33:14.547726+00	65	BIEN-8EE55584 - PROTECTOR DE VOLTAJE FVR-1218	1	[{"added": {}}]	17	1
256	2025-10-10 16:34:41.150354+00	66	009616 - MODULO DE TRABAJO  CON  ARTURITO SIN MODELO	1	[{"added": {}}]	17	1
257	2025-10-10 16:35:12.116187+00	11	MARY CARMEN	1	[{"added": {}}, {"added": {"name": "asignacion", "object": "Asignacion object (59)"}}, {"added": {"name": "asignacion", "object": "Asignacion object (60)"}}, {"added": {"name": "asignacion", "object": "Asignacion object (61)"}}, {"added": {"name": "asignacion", "object": "Asignacion object (62)"}}, {"added": {"name": "asignacion", "object": "Asignacion object (63)"}}, {"added": {"name": "asignacion", "object": "Asignacion object (64)"}}]	16	1
258	2025-10-10 16:37:15.252236+00	12	Mary Esther Bandres - V - 111000	1	[{"added": {}}]	12	1
259	2025-10-10 16:38:59.381182+00	67	A077505 - TECLADO K305	1	[{"added": {}}]	17	1
260	2025-10-10 16:40:50.627866+00	68	A077502 - MONITOR TFTI85W80PS	1	[{"added": {}}]	17	1
261	2025-10-10 16:42:23.091064+00	69	BIEN-3ECFA5EB - MOUSE M01	1	[{"added": {}}]	17	1
262	2025-10-10 16:44:49.650237+00	70	2102011896 - SERVIDOR C40	1	[{"added": {}}]	17	1
263	2025-10-10 16:46:04.309953+00	71	A077503 - PROTECTOR DE VOLTAJE FVR-1218	1	[{"added": {}}]	17	1
264	2025-10-10 16:46:56.877268+00	72	009600 - MODULO DE TRABAJO  CON  ARTURITO SIN MODELO	1	[{"added": {}}]	17	1
265	2025-10-10 16:48:47.931545+00	28	Asignacion object (28)	3		18	1
266	2025-10-10 16:49:38.959241+00	12	Mary Esther Bandres	1	[{"added": {}}, {"added": {"name": "asignacion", "object": "Asignacion object (65)"}}, {"added": {"name": "asignacion", "object": "Asignacion object (66)"}}, {"added": {"name": "asignacion", "object": "Asignacion object (67)"}}, {"added": {"name": "asignacion", "object": "Asignacion object (68)"}}, {"added": {"name": "asignacion", "object": "Asignacion object (69)"}}, {"added": {"name": "asignacion", "object": "Asignacion object (70)"}}]	16	1
267	2025-10-10 16:50:57.046562+00	12	Mary Esther Bandres	2	[{"added": {"name": "asignacion", "object": "Asignacion object (71)"}}]	16	1
268	2025-10-10 16:52:16.612728+00	13	Enyerber Rangel - V - 122222233	1	[{"added": {}}]	12	1
269	2025-10-10 16:53:10.471066+00	8	S-K8825	2	[{"changed": {"fields": ["Descripcion"]}}]	13	1
270	2025-10-10 16:53:28.190814+00	73	A016212 - TECLADO S-K8825	1	[{"added": {}}]	17	1
271	2025-10-10 16:54:16.43658+00	74	009713 - MONITOR TFTI85W80PS	1	[{"added": {}}]	17	1
272	2025-10-10 16:55:20.466913+00	15	GENIUS	1	[{"added": {}}]	10	1
273	2025-10-10 16:55:32.475392+00	25	GM-03022P	1	[{"added": {}}]	13	1
274	2025-10-10 16:55:47.985271+00	75	GM-03022P - MOUSE GM-03022P	1	[{"added": {}}]	17	1
275	2025-10-10 16:56:24.169904+00	76	A016213 - SERVIDOR C40	1	[{"added": {}}]	17	1
276	2025-10-10 16:56:57.060899+00	77	A016128 - PROTECTOR DE VOLTAJE FVR-1218	1	[{"added": {}}]	17	1
277	2025-10-10 16:57:33.063746+00	78	07374210 - MODULO DE TRABAJO  CON  ARTURITO SIN MODELO	1	[{"added": {}}]	17	1
278	2025-10-10 16:58:10.448779+00	79	A000867 - SILLA SIN MODELO	1	[{"added": {}}]	17	1
279	2025-10-10 16:58:17.898243+00	13	Enyerber Rangel	1	[{"added": {}}, {"added": {"name": "asignacion", "object": "Asignacion object (72)"}}, {"added": {"name": "asignacion", "object": "Asignacion object (73)"}}, {"added": {"name": "asignacion", "object": "Asignacion object (74)"}}, {"added": {"name": "asignacion", "object": "Asignacion object (75)"}}, {"added": {"name": "asignacion", "object": "Asignacion object (76)"}}, {"added": {"name": "asignacion", "object": "Asignacion object (77)"}}, {"added": {"name": "asignacion", "object": "Asignacion object (78)"}}]	16	1
280	2025-10-13 12:52:13.074929+00	78	Asignacion object (78)	2	[{"changed": {"fields": ["Dependencia", "Subdependencia"]}}]	18	1
281	2025-10-13 12:52:41.545847+00	77	Asignacion object (77)	2	[{"changed": {"fields": ["Dependencia", "Subdependencia"]}}]	18	1
282	2025-10-13 12:52:53.178593+00	76	Asignacion object (76)	2	[{"changed": {"fields": ["Dependencia", "Subdependencia"]}}]	18	1
283	2025-10-13 12:53:14.147945+00	75	Asignacion object (75)	2	[{"changed": {"fields": ["Dependencia", "Subdependencia"]}}]	18	1
284	2025-10-13 12:53:22.953028+00	73	Asignacion object (73)	2	[{"changed": {"fields": ["Dependencia", "Subdependencia"]}}]	18	1
285	2025-10-13 12:53:30.195334+00	74	Asignacion object (74)	2	[{"changed": {"fields": ["Dependencia", "Subdependencia"]}}]	18	1
286	2025-10-13 12:53:37.679951+00	72	Asignacion object (72)	2	[{"changed": {"fields": ["Dependencia", "Subdependencia"]}}]	18	1
287	2025-10-13 12:53:44.685746+00	71	Asignacion object (71)	2	[{"changed": {"fields": ["Dependencia", "Subdependencia"]}}]	18	1
288	2025-10-13 12:53:51.790872+00	70	Asignacion object (70)	2	[{"changed": {"fields": ["Dependencia", "Subdependencia"]}}]	18	1
289	2025-10-13 12:53:59.174959+00	69	Asignacion object (69)	2	[{"changed": {"fields": ["Dependencia", "Subdependencia"]}}]	18	1
290	2025-10-13 12:54:06.202241+00	68	Asignacion object (68)	2	[{"changed": {"fields": ["Dependencia", "Subdependencia"]}}]	18	1
291	2025-10-13 12:54:12.706558+00	67	Asignacion object (67)	2	[{"changed": {"fields": ["Dependencia", "Subdependencia"]}}]	18	1
292	2025-10-13 12:54:19.806245+00	66	Asignacion object (66)	2	[{"changed": {"fields": ["Dependencia", "Subdependencia"]}}]	18	1
293	2025-10-13 12:54:32.512899+00	65	Asignacion object (65)	2	[{"changed": {"fields": ["Dependencia", "Subdependencia"]}}]	18	1
294	2025-10-13 12:54:40.128176+00	64	Asignacion object (64)	2	[{"changed": {"fields": ["Dependencia", "Subdependencia"]}}]	18	1
295	2025-10-13 12:54:46.823712+00	63	Asignacion object (63)	2	[{"changed": {"fields": ["Dependencia", "Subdependencia"]}}]	18	1
296	2025-10-13 12:54:56.131254+00	62	Asignacion object (62)	2	[{"changed": {"fields": ["Dependencia", "Subdependencia"]}}]	18	1
297	2025-10-13 12:55:05.288686+00	48	Asignacion object (48)	2	[{"changed": {"fields": ["Dependencia", "Subdependencia"]}}]	18	1
298	2025-10-13 12:55:12.785187+00	49	Asignacion object (49)	2	[{"changed": {"fields": ["Dependencia", "Subdependencia"]}}]	18	1
299	2025-10-13 12:55:22.914694+00	50	Asignacion object (50)	2	[{"changed": {"fields": ["Dependencia", "Subdependencia"]}}]	18	1
300	2025-10-13 12:55:30.595383+00	52	Asignacion object (52)	2	[{"changed": {"fields": ["Dependencia", "Subdependencia"]}}]	18	1
301	2025-10-13 12:55:38.275349+00	51	Asignacion object (51)	2	[{"changed": {"fields": ["Dependencia", "Subdependencia"]}}]	18	1
302	2025-10-13 12:55:46.393901+00	61	Asignacion object (61)	2	[{"changed": {"fields": ["Dependencia", "Subdependencia"]}}]	18	1
303	2025-10-13 12:55:53.338732+00	60	Asignacion object (60)	2	[{"changed": {"fields": ["Dependencia", "Subdependencia"]}}]	18	1
304	2025-10-13 12:56:09.120426+00	59	Asignacion object (59)	2	[{"changed": {"fields": ["Dependencia", "Subdependencia"]}}]	18	1
305	2025-10-13 12:56:17.529076+00	58	Asignacion object (58)	2	[{"changed": {"fields": ["Dependencia", "Subdependencia"]}}]	18	1
306	2025-10-13 12:56:24.511102+00	57	Asignacion object (57)	2	[{"changed": {"fields": ["Dependencia", "Subdependencia"]}}]	18	1
307	2025-10-13 12:56:34.109075+00	56	Asignacion object (56)	2	[{"changed": {"fields": ["Dependencia", "Subdependencia"]}}]	18	1
308	2025-10-13 12:56:43.374625+00	55	Asignacion object (55)	2	[{"changed": {"fields": ["Dependencia", "Subdependencia"]}}]	18	1
309	2025-10-13 12:56:51.99702+00	54	Asignacion object (54)	2	[{"changed": {"fields": ["Dependencia", "Subdependencia"]}}]	18	1
310	2025-10-13 12:56:59.89235+00	53	Asignacion object (53)	2	[{"changed": {"fields": ["Dependencia", "Subdependencia"]}}]	18	1
\.


--
-- TOC entry 3582 (class 0 OID 174968)
-- Dependencies: 221
-- Data for Name: django_content_type; Type: TABLE DATA; Schema: public; Owner: postgres
--

COPY public.django_content_type (id, app_label, model) FROM stdin;
1	admin	logentry
2	auth	permission
3	auth	group
4	contenttypes	contenttype
5	sessions	session
6	cuenta	user
7	auxiliares	categoria
8	auxiliares	color
9	auxiliares	dependencia
10	auxiliares	marca
11	auxiliares	motivo
12	auxiliares	persona
13	auxiliares	modelo
14	auxiliares	subcategoria
15	auxiliares	subdependencia
16	auxiliares	responsable
17	gestion	bien
18	gestion	asignacion
19	gestion	director
20	gestion	historicalasignacion
21	gestion	prestamo
22	gestion	responsableprestamo
23	gestion	detalleprestamo
24	historico	historicoasignacion
25	django_rest_passwordreset	resetpasswordtoken
\.


--
-- TOC entry 3580 (class 0 OID 174962)
-- Dependencies: 219
-- Data for Name: django_migrations; Type: TABLE DATA; Schema: public; Owner: postgres
--

COPY public.django_migrations (id, app, name, applied) FROM stdin;
1	contenttypes	0001_initial	2025-10-07 14:30:42.812004+00
2	contenttypes	0002_remove_content_type_name	2025-10-07 14:30:42.881719+00
3	auth	0001_initial	2025-10-07 14:30:43.79499+00
4	auth	0002_alter_permission_name_max_length	2025-10-07 14:30:43.864723+00
5	auth	0003_alter_user_email_max_length	2025-10-07 14:30:43.904156+00
6	auth	0004_alter_user_username_opts	2025-10-07 14:30:43.920062+00
7	auth	0005_alter_user_last_login_null	2025-10-07 14:30:43.93901+00
8	auth	0006_require_contenttypes_0002	2025-10-07 14:30:43.946312+00
9	auth	0007_alter_validators_add_error_messages	2025-10-07 14:30:43.962529+00
10	auth	0008_alter_user_username_max_length	2025-10-07 14:30:43.978494+00
11	auth	0009_alter_user_last_name_max_length	2025-10-07 14:30:43.995909+00
12	auth	0010_alter_group_name_max_length	2025-10-07 14:30:44.012184+00
13	auth	0011_update_proxy_permissions	2025-10-07 14:30:44.030655+00
14	auth	0012_alter_user_first_name_max_length	2025-10-07 14:30:44.044888+00
15	cuenta	0001_initial	2025-10-07 14:30:45.362797+00
16	admin	0001_initial	2025-10-07 14:30:45.77367+00
17	admin	0002_logentry_remove_auto_add	2025-10-07 14:30:45.816631+00
18	admin	0003_logentry_add_action_flag_choices	2025-10-07 14:30:45.856491+00
19	auxiliares	0001_initial	2025-10-07 14:30:47.940343+00
20	auxiliares	0002_rename_nacionalidad_persona_origen	2025-10-07 14:30:47.976811+00
21	auxiliares	0003_alter_persona_origen	2025-10-07 14:30:47.990985+00
22	django_rest_passwordreset	0001_initial	2025-10-07 14:30:48.286939+00
23	django_rest_passwordreset	0002_pk_migration	2025-10-07 14:30:48.747716+00
24	django_rest_passwordreset	0003_allow_blank_and_null_fields	2025-10-07 14:30:48.784975+00
25	gestion	0001_initial	2025-10-07 14:30:52.273649+00
26	gestion	0002_bien_color	2025-10-07 14:30:52.394616+00
27	gestion	0003_alter_asignacion_dependencia_and_more	2025-10-07 14:30:52.533534+00
28	gestion	0004_alter_bien_tipo_uso	2025-10-07 14:30:52.568205+00
29	historico	0001_initial	2025-10-07 14:30:52.581675+00
30	sessions	0001_initial	2025-10-07 14:30:52.861517+00
31	auxiliares	0004_alter_categoria_cod_catalogo	2025-10-07 15:28:41.883137+00
32	gestion	0005_remove_asignacion_fecha_asignacion_and_more	2025-10-09 15:21:01.602536+00
33	gestion	0006_alter_bien_cod_bien	2025-10-09 18:06:37.41703+00
\.


--
-- TOC entry 3597 (class 0 OID 175205)
-- Dependencies: 256
-- Data for Name: django_rest_passwordreset_resetpasswordtoken; Type: TABLE DATA; Schema: public; Owner: postgres
--

COPY public.django_rest_passwordreset_resetpasswordtoken (created_at, key, ip_address, user_agent, user_id, id) FROM stdin;
\.


--
-- TOC entry 3613 (class 0 OID 175402)
-- Dependencies: 272
-- Data for Name: django_session; Type: TABLE DATA; Schema: public; Owner: postgres
--

COPY public.django_session (session_key, session_data, expire_date) FROM stdin;
m63429etlhyj1zf6plbib2tdv70k9p4l	.eJxVjDsOwjAQBe_iGln-J6akzxmsXe-aBJAjxUmFuDuJlALaNzPvLRJs65i2xkuaSFyFFpffDSE_uR6AHlDvs8xzXZcJ5aHIkzY5zMSv2-n-HYzQxr0uUWss3jhHgbqYFRlm6ryOiEZZ57EQhMA9R2ZrerWrDAGywmzRo_h8AfFNOIk:1v68wM:eNJVoRpC6D1C1VYM5mH71tdwSczUX42HBRzC3D9uxLk	2025-10-21 14:45:22.317077+00
7tog5xnv9o4ju2i8ihgdwl0kp5y7pqdw	.eJxVjDsOwjAQBe_iGln-J6akzxmsXe-aBJAjxUmFuDuJlALaNzPvLRJs65i2xkuaSFyFFpffDSE_uR6AHlDvs8xzXZcJ5aHIkzY5zMSv2-n-HYzQxr0uUWss3jhHgbqYFRlm6ryOiEZZ57EQhMA9R2ZrerWrDAGywmzRo_h8AfFNOIk:1v6BmH:W6-h61tIlLZaO6-x3IfEk7oPuuEzYoO-K3JXCysedPc	2025-10-21 17:47:09.685968+00
zie12p6c9qkaptpwax8d66f7g6wieyga	.eJxVjDsOwjAQBe_iGln-J6akzxmsXe-aBJAjxUmFuDuJlALaNzPvLRJs65i2xkuaSFyFFpffDSE_uR6AHlDvs8xzXZcJ5aHIkzY5zMSv2-n-HYzQxr0uUWss3jhHgbqYFRlm6ryOiEZZ57EQhMA9R2ZrerWrDAGywmzRo_h8AfFNOIk:1v6CFN:YDnEwhaeHz77ncdxr1RUkaXyqd2lTuC6V7iLU1nnkBA	2025-10-21 18:17:13.884818+00
nbm7z66wtm5f059j15qwn0yg4aub67pb	.eJxVjDsOwjAQBe_iGln-J6akzxmsXe-aBJAjxUmFuDuJlALaNzPvLRJs65i2xkuaSFyFFpffDSE_uR6AHlDvs8xzXZcJ5aHIkzY5zMSv2-n-HYzQxr0uUWss3jhHgbqYFRlm6ryOiEZZ57EQhMA9R2ZrerWrDAGywmzRo_h8AfFNOIk:1v6CrG:0F-cd5SCte3Qf5apBc4CDf42i3AR_4TnV4cmrRgQhEc	2025-10-21 18:56:22.324174+00
c3odc9baxbcqg5q4mzzp5xknuj2lebco	.eJxVjDsOwjAQBe_iGln-J6akzxmsXe-aBJAjxUmFuDuJlALaNzPvLRJs65i2xkuaSFyFFpffDSE_uR6AHlDvs8xzXZcJ5aHIkzY5zMSv2-n-HYzQxr0uUWss3jhHgbqYFRlm6ryOiEZZ57EQhMA9R2ZrerWrDAGywmzRo_h8AfFNOIk:1v6DG0:f7PeZb4ysNnYPMr_zaiEmQHOUW7nsrwi-SqRREB-vHI	2025-10-21 19:21:56.059243+00
5otf9unu2edt4x0bexju3194xxrgmxdw	.eJxVjDsOwjAQBe_iGln-J6akzxmsXe-aBJAjxUmFuDuJlALaNzPvLRJs65i2xkuaSFyFFpffDSE_uR6AHlDvs8xzXZcJ5aHIkzY5zMSv2-n-HYzQxr0uUWss3jhHgbqYFRlm6ryOiEZZ57EQhMA9R2ZrerWrDAGywmzRo_h8AfFNOIk:1v6r6G:cUSrr512mOWQtroLHvuLLHJkPtVwIAvb_H7TTp2Fc7Y	2025-10-23 13:54:32.458067+00
4893tisjck94o0j2i1wqfzy4pqzn3rv1	e30:1v7HV2:f82_7vuaZEEBMMJbjaa55pg2VFHDVRbL29aNUy7qjP4	2025-10-24 18:05:52.832115+00
\.


--
-- TOC entry 3606 (class 0 OID 175260)
-- Dependencies: 265
-- Data for Name: gestion_historicalasignacion; Type: TABLE DATA; Schema: public; Owner: postgres
--

COPY public.gestion_historicalasignacion (id, estatus, motivo, history_id, history_date, history_change_reason, history_type, bien_id, dependencia_id, history_user_id, responsable_id, subdependencia_id, fecha_creacion) FROM stdin;
1	Activa	\N	1	2025-10-07 15:39:19.43818+00	\N	+	1	\N	\N	1	\N	2025-10-09
2	Activa	\N	2	2025-10-07 17:23:46.861793+00	\N	+	2	\N	\N	1	\N	2025-10-09
3	Activa	\N	3	2025-10-07 17:43:36.964273+00	\N	+	3	\N	\N	1	\N	2025-10-09
4	Activa	\N	4	2025-10-07 17:43:36.969404+00	\N	+	4	\N	\N	1	\N	2025-10-09
5	Activa	\N	5	2025-10-07 17:43:36.973554+00	\N	+	5	\N	\N	1	\N	2025-10-09
6	Activa	\N	6	2025-10-07 17:43:36.97767+00	\N	+	6	\N	\N	1	\N	2025-10-09
7	Activa	\N	7	2025-10-07 17:43:36.982008+00	\N	+	7	\N	\N	1	\N	2025-10-09
8	Activa	\N	8	2025-10-07 18:15:34.651407+00	\N	+	8	1	\N	2	\N	2025-10-09
9	Activa	\N	9	2025-10-07 18:15:34.656387+00	\N	+	9	1	\N	2	\N	2025-10-09
10	Activa	\N	10	2025-10-07 18:15:34.660609+00	\N	+	10	1	\N	2	\N	2025-10-09
11	Activa	\N	11	2025-10-07 18:15:34.664751+00	\N	+	11	1	\N	2	\N	2025-10-09
12	Activa	\N	12	2025-10-07 18:15:34.668973+00	\N	+	12	1	\N	2	\N	2025-10-09
13	Activa	\N	13	2025-10-07 18:15:34.673113+00	\N	+	13	1	\N	2	\N	2025-10-09
14	Activa	\N	14	2025-10-07 18:15:34.677262+00	\N	+	14	1	\N	2	\N	2025-10-09
15	Activa	\N	15	2025-10-07 18:35:16.924473+00	\N	+	15	1	\N	3	\N	2025-10-09
16	Activa	\N	16	2025-10-07 18:35:16.929359+00	\N	+	16	1	\N	3	\N	2025-10-09
17	Activa	\N	17	2025-10-07 18:35:16.933887+00	\N	+	17	1	\N	3	\N	2025-10-09
18	Activa	\N	18	2025-10-07 18:35:16.938099+00	\N	+	18	1	\N	3	\N	2025-10-09
19	Activa	\N	19	2025-10-07 18:35:16.94244+00	\N	+	19	1	\N	3	\N	2025-10-09
20	Activa	\N	20	2025-10-07 18:35:16.946639+00	\N	+	20	1	\N	3	\N	2025-10-09
21	Activa	\N	21	2025-10-07 18:35:16.950922+00	\N	+	21	1	\N	3	\N	2025-10-09
22	Activa	\N	22	2025-10-07 18:36:49.086517+00	\N	+	22	1	\N	3	\N	2025-10-09
23	Activa	\N	23	2025-10-07 18:52:24.066606+00	\N	+	23	1	\N	4	\N	2025-10-09
24	Activa	\N	24	2025-10-07 18:52:54.327346+00	\N	+	24	1	\N	4	\N	2025-10-09
25	Activa	\N	25	2025-10-07 18:53:21.068103+00	\N	+	27	1	\N	4	\N	2025-10-09
26	Activa	\N	26	2025-10-07 18:53:46.305285+00	\N	+	26	1	\N	4	\N	2025-10-09
27	Activa	\N	27	2025-10-07 18:54:10.686353+00	\N	+	28	1	\N	4	\N	2025-10-09
28	Activa	\N	28	2025-10-07 18:54:33.330592+00	\N	+	25	1	\N	4	\N	2025-10-09
29	Activa	\N	29	2025-10-07 19:15:05.746065+00	\N	+	29	\N	\N	5	\N	2025-10-09
30	Activa	\N	30	2025-10-07 19:15:05.750652+00	\N	+	30	\N	\N	5	\N	2025-10-09
31	Activa	\N	31	2025-10-07 19:15:05.754783+00	\N	+	31	\N	\N	5	\N	2025-10-09
32	Activa	\N	32	2025-10-07 19:15:05.758893+00	\N	+	32	\N	\N	5	\N	2025-10-09
33	Activa	\N	33	2025-10-07 19:15:05.76296+00	\N	+	33	\N	\N	5	\N	2025-10-09
34	Activa	\N	34	2025-10-07 19:15:05.76759+00	\N	+	34	\N	\N	5	\N	2025-10-09
35	Activa	\N	35	2025-10-07 19:15:05.771665+00	\N	+	35	\N	\N	5	\N	2025-10-09
36	Activa	\N	36	2025-10-07 19:19:00.890902+00	\N	+	36	1	\N	6	\N	2025-10-09
37	Activa	\N	37	2025-10-07 19:19:00.895795+00	\N	+	37	1	\N	6	\N	2025-10-09
38	Activa	\N	38	2025-10-07 19:20:56.059654+00	\N	+	38	1	\N	6	\N	2025-10-09
39	Activa	\N	39	2025-10-07 19:40:56.455748+00	\N	+	39	\N	\N	7	\N	2025-10-09
40	Activa	\N	40	2025-10-07 19:40:56.461043+00	\N	+	40	\N	\N	7	\N	2025-10-09
41	Activa	\N	41	2025-10-07 19:40:56.465127+00	\N	+	41	\N	\N	7	\N	2025-10-09
42	Activa	\N	42	2025-10-07 19:40:56.469162+00	\N	+	42	\N	\N	7	\N	2025-10-09
43	Activa	\N	43	2025-10-07 19:40:56.47323+00	\N	+	43	\N	\N	7	\N	2025-10-09
43	Activa		44	2025-10-09 16:50:18.470925+00	\N	~	43	1	\N	7	1	2025-10-09
42	Activa		45	2025-10-09 16:50:25.877554+00	\N	~	42	1	\N	7	1	2025-10-09
41	Activa		46	2025-10-09 16:50:33.176981+00	\N	~	41	1	\N	7	1	2025-10-09
40	Activa		47	2025-10-09 16:50:42.013298+00	\N	~	40	1	\N	7	1	2025-10-09
39	Activa		48	2025-10-09 16:50:49.639128+00	\N	~	39	1	\N	7	1	2025-10-09
38	Activa		49	2025-10-09 16:50:55.659128+00	\N	~	38	1	\N	6	1	2025-10-09
37	Activa		50	2025-10-09 16:51:04.632153+00	\N	~	37	1	\N	6	1	2025-10-09
36	Activa		51	2025-10-09 16:51:13.985129+00	\N	~	36	1	\N	6	1	2025-10-09
35	Activa		52	2025-10-09 16:51:22.378999+00	\N	~	35	1	\N	5	1	2025-10-09
34	Activa		53	2025-10-09 16:51:29.628427+00	\N	~	34	1	\N	5	1	2025-10-09
33	Activa		54	2025-10-09 16:51:36.677702+00	\N	~	33	1	\N	5	1	2025-10-09
31	Activa		55	2025-10-09 16:51:43.961358+00	\N	~	31	1	\N	5	1	2025-10-09
32	Activa		56	2025-10-09 16:51:51.114069+00	\N	~	32	1	\N	5	1	2025-10-09
30	Activa		57	2025-10-09 16:51:59.607009+00	\N	~	30	1	\N	5	1	2025-10-09
29	Activa		58	2025-10-09 16:52:06.401753+00	\N	~	29	1	\N	5	1	2025-10-09
28	Activa		59	2025-10-09 16:52:12.616651+00	\N	~	25	1	\N	4	1	2025-10-09
27	Activa		60	2025-10-09 16:52:23.667752+00	\N	~	28	1	\N	4	1	2025-10-09
26	Activa		61	2025-10-09 16:52:30.512418+00	\N	~	26	1	\N	4	1	2025-10-09
25	Activa		62	2025-10-09 16:52:37.987185+00	\N	~	27	1	\N	4	1	2025-10-09
24	Activa		63	2025-10-09 16:52:45.911521+00	\N	~	24	1	\N	4	1	2025-10-09
23	Activa		64	2025-10-09 16:52:51.73539+00	\N	~	23	1	\N	4	1	2025-10-09
22	Activa		65	2025-10-09 16:53:00.734169+00	\N	~	22	1	\N	3	1	2025-10-09
21	Activa		66	2025-10-09 16:53:11.046938+00	\N	~	21	1	\N	3	1	2025-10-09
20	Activa		67	2025-10-09 16:53:19.584589+00	\N	~	20	1	\N	3	1	2025-10-09
19	Activa		68	2025-10-09 16:53:26.57596+00	\N	~	19	1	\N	3	1	2025-10-09
18	Activa		69	2025-10-09 16:53:36.959872+00	\N	~	18	1	\N	3	1	2025-10-09
17	Activa		70	2025-10-09 16:53:43.440151+00	\N	~	17	1	\N	3	1	2025-10-09
16	Activa		71	2025-10-09 16:53:53.535326+00	\N	~	16	1	\N	3	1	2025-10-09
15	Activa		72	2025-10-09 16:54:02.216656+00	\N	~	15	1	\N	3	1	2025-10-09
14	Activa		73	2025-10-09 16:54:10.423804+00	\N	~	14	1	\N	2	1	2025-10-09
13	Activa		74	2025-10-09 16:54:18.613874+00	\N	~	13	1	\N	2	1	2025-10-09
12	Activa		75	2025-10-09 16:54:25.131705+00	\N	~	12	1	\N	2	1	2025-10-09
11	Activa		76	2025-10-09 16:54:32.113332+00	\N	~	11	1	\N	2	1	2025-10-09
10	Activa		77	2025-10-09 16:54:39.042895+00	\N	~	10	1	\N	2	1	2025-10-09
9	Activa		78	2025-10-09 16:54:47.004592+00	\N	~	9	1	\N	2	1	2025-10-09
8	Activa		79	2025-10-09 16:54:53.680663+00	\N	~	8	1	\N	2	1	2025-10-09
1	Activa		80	2025-10-09 16:55:02.818201+00	\N	~	1	1	\N	1	1	2025-10-09
7	Activa		81	2025-10-09 16:55:10.99949+00	\N	~	7	1	\N	1	1	2025-10-09
6	Activa		82	2025-10-09 16:55:18.6118+00	\N	~	6	1	\N	1	1	2025-10-09
5	Activa		83	2025-10-09 16:55:25.477478+00	\N	~	5	1	\N	1	1	2025-10-09
4	Activa		84	2025-10-09 16:55:33.810615+00	\N	~	4	1	\N	1	1	2025-10-09
3	Activa		85	2025-10-09 16:55:40.341324+00	\N	~	3	1	\N	1	1	2025-10-09
2	Activa		86	2025-10-09 16:55:47.886619+00	\N	~	2	1	\N	1	1	2025-10-09
44	Activa	\N	87	2025-10-09 17:26:58.229113+00	\N	+	44	\N	\N	8	\N	2025-10-09
45	Activa	\N	88	2025-10-09 17:27:52.825665+00	\N	+	45	\N	\N	8	\N	2025-10-09
46	Activa	\N	89	2025-10-09 17:31:30.518021+00	\N	+	46	\N	\N	8	\N	2025-10-09
47	Activa	\N	90	2025-10-09 17:32:48.010871+00	\N	+	47	\N	\N	8	\N	2025-10-09
47	Activa		91	2025-10-09 18:18:54.40774+00	\N	~	47	1	\N	8	1	2025-10-09
46	Activa		92	2025-10-09 18:19:02.462629+00	\N	~	46	1	\N	8	1	2025-10-09
45	Activa		93	2025-10-09 18:19:09.753598+00	\N	~	45	1	\N	8	1	2025-10-09
44	Activa		94	2025-10-09 18:19:17.314327+00	\N	~	44	1	\N	8	1	2025-10-09
47	Activa		95	2025-10-09 18:20:50.850743+00	\N	-	47	1	\N	8	1	2025-10-09
45	Activa		96	2025-10-09 18:20:50.853944+00	\N	-	45	1	\N	8	1	2025-10-09
48	Activa	\N	97	2025-10-10 14:07:44.947752+00	\N	+	49	\N	\N	9	\N	2025-10-10
49	Activa	\N	98	2025-10-10 15:58:31.866132+00	\N	+	52	\N	\N	9	\N	2025-10-10
50	Activa	\N	99	2025-10-10 15:58:31.869868+00	\N	+	53	\N	\N	9	\N	2025-10-10
51	Activa	\N	100	2025-10-10 15:58:31.872885+00	\N	+	51	\N	\N	9	\N	2025-10-10
52	Activa	\N	101	2025-10-10 16:02:35.314273+00	\N	+	54	\N	\N	9	\N	2025-10-10
53	Activa	\N	102	2025-10-10 16:14:11.68402+00	\N	+	55	\N	\N	10	\N	2025-10-10
54	Activa	\N	103	2025-10-10 16:17:02.389456+00	\N	+	56	\N	\N	10	\N	2025-10-10
55	Activa	\N	104	2025-10-10 16:18:49.759338+00	\N	+	57	\N	\N	10	\N	2025-10-10
56	Activa	\N	105	2025-10-10 16:26:35.522508+00	\N	+	58	\N	\N	10	\N	2025-10-10
57	Activa	\N	106	2025-10-10 16:26:35.527745+00	\N	+	59	\N	\N	10	\N	2025-10-10
58	Activa	\N	107	2025-10-10 16:26:35.53198+00	\N	+	60	\N	\N	10	\N	2025-10-10
59	Activa	\N	108	2025-10-10 16:35:12.090417+00	\N	+	61	\N	\N	11	\N	2025-10-10
60	Activa	\N	109	2025-10-10 16:35:12.095473+00	\N	+	62	\N	\N	11	\N	2025-10-10
61	Activa	\N	110	2025-10-10 16:35:12.099778+00	\N	+	63	\N	\N	11	\N	2025-10-10
62	Activa	\N	111	2025-10-10 16:35:12.10398+00	\N	+	64	\N	\N	11	\N	2025-10-10
63	Activa	\N	112	2025-10-10 16:35:12.108299+00	\N	+	65	\N	\N	11	\N	2025-10-10
64	Activa	\N	113	2025-10-10 16:35:12.112685+00	\N	+	66	\N	\N	11	\N	2025-10-10
28	Activa		114	2025-10-10 16:48:47.935853+00	\N	-	25	1	\N	4	1	2025-10-09
65	Activa	\N	115	2025-10-10 16:49:38.933961+00	\N	+	67	\N	\N	12	\N	2025-10-10
66	Activa	\N	116	2025-10-10 16:49:38.938934+00	\N	+	68	\N	\N	12	\N	2025-10-10
67	Activa	\N	117	2025-10-10 16:49:38.942967+00	\N	+	69	\N	\N	12	\N	2025-10-10
68	Activa	\N	118	2025-10-10 16:49:38.947251+00	\N	+	70	\N	\N	12	\N	2025-10-10
69	Activa	\N	119	2025-10-10 16:49:38.951476+00	\N	+	71	\N	\N	12	\N	2025-10-10
70	Activa	\N	120	2025-10-10 16:49:38.955679+00	\N	+	72	\N	\N	12	\N	2025-10-10
71	Activa	\N	121	2025-10-10 16:50:57.042552+00	\N	+	25	\N	\N	12	\N	2025-10-10
72	Activa	\N	122	2025-10-10 16:58:17.869512+00	\N	+	73	\N	\N	13	\N	2025-10-10
73	Activa	\N	123	2025-10-10 16:58:17.873848+00	\N	+	74	\N	\N	13	\N	2025-10-10
74	Activa	\N	124	2025-10-10 16:58:17.877728+00	\N	+	75	\N	\N	13	\N	2025-10-10
75	Activa	\N	125	2025-10-10 16:58:17.88156+00	\N	+	76	\N	\N	13	\N	2025-10-10
76	Activa	\N	126	2025-10-10 16:58:17.886011+00	\N	+	77	\N	\N	13	\N	2025-10-10
77	Activa	\N	127	2025-10-10 16:58:17.890162+00	\N	+	78	\N	\N	13	\N	2025-10-10
78	Activa	\N	128	2025-10-10 16:58:17.894783+00	\N	+	79	\N	\N	13	\N	2025-10-10
78	Activa		129	2025-10-13 12:52:13.069597+00	\N	~	79	1	\N	13	1	2025-10-10
77	Activa		130	2025-10-13 12:52:41.541317+00	\N	~	78	1	\N	13	1	2025-10-10
76	Activa		131	2025-10-13 12:52:53.174716+00	\N	~	77	1	\N	13	1	2025-10-10
75	Activa		132	2025-10-13 12:53:14.144122+00	\N	~	76	1	\N	13	1	2025-10-10
73	Activa		133	2025-10-13 12:53:22.949455+00	\N	~	74	1	\N	13	1	2025-10-10
74	Activa		134	2025-10-13 12:53:30.191617+00	\N	~	75	1	\N	13	1	2025-10-10
72	Activa		135	2025-10-13 12:53:37.6762+00	\N	~	73	1	\N	13	1	2025-10-10
71	Activa		136	2025-10-13 12:53:44.681645+00	\N	~	25	1	\N	12	1	2025-10-10
70	Activa		137	2025-10-13 12:53:51.786902+00	\N	~	72	1	\N	12	1	2025-10-10
69	Activa		138	2025-10-13 12:53:59.170985+00	\N	~	71	1	\N	12	1	2025-10-10
68	Activa		139	2025-10-13 12:54:06.198485+00	\N	~	70	1	\N	12	1	2025-10-10
67	Activa		140	2025-10-13 12:54:12.702904+00	\N	~	69	1	\N	12	1	2025-10-10
66	Activa		141	2025-10-13 12:54:19.802415+00	\N	~	68	1	\N	12	1	2025-10-10
65	Activa		142	2025-10-13 12:54:32.509087+00	\N	~	67	1	\N	12	1	2025-10-10
64	Activa		143	2025-10-13 12:54:40.124342+00	\N	~	66	1	\N	11	1	2025-10-10
63	Activa		144	2025-10-13 12:54:46.819911+00	\N	~	65	1	\N	11	1	2025-10-10
62	Activa		145	2025-10-13 12:54:56.127466+00	\N	~	64	1	\N	11	1	2025-10-10
48	Activa		146	2025-10-13 12:55:05.284892+00	\N	~	49	1	\N	9	1	2025-10-10
49	Activa		147	2025-10-13 12:55:12.781435+00	\N	~	52	1	\N	9	1	2025-10-10
50	Activa		148	2025-10-13 12:55:22.910873+00	\N	~	53	1	\N	9	1	2025-10-10
52	Activa		149	2025-10-13 12:55:30.591479+00	\N	~	54	1	\N	9	1	2025-10-10
51	Activa		150	2025-10-13 12:55:38.271652+00	\N	~	51	1	\N	9	1	2025-10-10
61	Activa		151	2025-10-13 12:55:46.390975+00	\N	~	63	1	\N	11	1	2025-10-10
60	Activa		152	2025-10-13 12:55:53.334975+00	\N	~	62	1	\N	11	1	2025-10-10
59	Activa		153	2025-10-13 12:56:09.116498+00	\N	~	61	1	\N	11	1	2025-10-10
58	Activa		154	2025-10-13 12:56:17.526178+00	\N	~	60	1	\N	10	1	2025-10-10
57	Activa		155	2025-10-13 12:56:24.507277+00	\N	~	59	1	\N	10	1	2025-10-10
56	Activa		156	2025-10-13 12:56:34.104489+00	\N	~	58	1	\N	10	1	2025-10-10
55	Activa		157	2025-10-13 12:56:43.371883+00	\N	~	57	1	\N	10	1	2025-10-10
54	Activa		158	2025-10-13 12:56:51.993173+00	\N	~	56	1	\N	10	1	2025-10-10
53	Activa		159	2025-10-13 12:56:59.888627+00	\N	~	55	1	\N	10	1	2025-10-10
\.


--
-- TOC entry 3620 (class 0 OID 0)
-- Dependencies: 230
-- Name: usuario_groups_id_seq; Type: SEQUENCE SET; Schema: cuenta; Owner: postgres
--

SELECT pg_catalog.setval('cuenta.usuario_groups_id_seq', 1, false);


--
-- TOC entry 3621 (class 0 OID 0)
-- Dependencies: 228
-- Name: usuario_id_seq; Type: SEQUENCE SET; Schema: cuenta; Owner: postgres
--

SELECT pg_catalog.setval('cuenta.usuario_id_seq', 1, true);


--
-- TOC entry 3622 (class 0 OID 0)
-- Dependencies: 232
-- Name: usuario_user_permissions_id_seq; Type: SEQUENCE SET; Schema: cuenta; Owner: postgres
--

SELECT pg_catalog.setval('cuenta.usuario_user_permissions_id_seq', 1, false);


--
-- TOC entry 3623 (class 0 OID 0)
-- Dependencies: 260
-- Name: asignacion_id_seq; Type: SEQUENCE SET; Schema: gestion; Owner: postgres
--

SELECT pg_catalog.setval('gestion.asignacion_id_seq', 78, true);


--
-- TOC entry 3624 (class 0 OID 0)
-- Dependencies: 258
-- Name: bien_id_seq; Type: SEQUENCE SET; Schema: gestion; Owner: postgres
--

SELECT pg_catalog.setval('gestion.bien_id_seq', 79, true);


--
-- TOC entry 3625 (class 0 OID 0)
-- Dependencies: 270
-- Name: detalle_prestamo_id_seq; Type: SEQUENCE SET; Schema: gestion; Owner: postgres
--

SELECT pg_catalog.setval('gestion.detalle_prestamo_id_seq', 1, false);


--
-- TOC entry 3626 (class 0 OID 0)
-- Dependencies: 262
-- Name: director_id_seq; Type: SEQUENCE SET; Schema: gestion; Owner: postgres
--

SELECT pg_catalog.setval('gestion.director_id_seq', 1, false);


--
-- TOC entry 3627 (class 0 OID 0)
-- Dependencies: 266
-- Name: prestamo_id_seq; Type: SEQUENCE SET; Schema: gestion; Owner: postgres
--

SELECT pg_catalog.setval('gestion.prestamo_id_seq', 1, false);


--
-- TOC entry 3628 (class 0 OID 0)
-- Dependencies: 268
-- Name: responsable_prestamo_id_seq; Type: SEQUENCE SET; Schema: gestion; Owner: postgres
--

SELECT pg_catalog.setval('gestion.responsable_prestamo_id_seq', 1, false);


--
-- TOC entry 3629 (class 0 OID 0)
-- Dependencies: 224
-- Name: auth_group_id_seq; Type: SEQUENCE SET; Schema: public; Owner: postgres
--

SELECT pg_catalog.setval('public.auth_group_id_seq', 1, false);


--
-- TOC entry 3630 (class 0 OID 0)
-- Dependencies: 226
-- Name: auth_group_permissions_id_seq; Type: SEQUENCE SET; Schema: public; Owner: postgres
--

SELECT pg_catalog.setval('public.auth_group_permissions_id_seq', 1, false);


--
-- TOC entry 3631 (class 0 OID 0)
-- Dependencies: 222
-- Name: auth_permission_id_seq; Type: SEQUENCE SET; Schema: public; Owner: postgres
--

SELECT pg_catalog.setval('public.auth_permission_id_seq', 100, true);


--
-- TOC entry 3632 (class 0 OID 0)
-- Dependencies: 234
-- Name: django_admin_log_id_seq; Type: SEQUENCE SET; Schema: public; Owner: postgres
--

SELECT pg_catalog.setval('public.django_admin_log_id_seq', 310, true);


--
-- TOC entry 3633 (class 0 OID 0)
-- Dependencies: 220
-- Name: django_content_type_id_seq; Type: SEQUENCE SET; Schema: public; Owner: postgres
--

SELECT pg_catalog.setval('public.django_content_type_id_seq', 25, true);


--
-- TOC entry 3634 (class 0 OID 0)
-- Dependencies: 218
-- Name: django_migrations_id_seq; Type: SEQUENCE SET; Schema: public; Owner: postgres
--

SELECT pg_catalog.setval('public.django_migrations_id_seq', 33, true);


--
-- TOC entry 3635 (class 0 OID 0)
-- Dependencies: 257
-- Name: django_rest_passwordreset_resetpasswordtoken_id_seq; Type: SEQUENCE SET; Schema: public; Owner: postgres
--

SELECT pg_catalog.setval('public.django_rest_passwordreset_resetpasswordtoken_id_seq', 1, false);


--
-- TOC entry 3636 (class 0 OID 0)
-- Dependencies: 264
-- Name: gestion_historicalasignacion_history_id_seq; Type: SEQUENCE SET; Schema: public; Owner: postgres
--

SELECT pg_catalog.setval('public.gestion_historicalasignacion_history_id_seq', 159, true);


--
-- TOC entry 3331 (class 2606 OID 175032)
-- Name: usuario usuario_email_key; Type: CONSTRAINT; Schema: cuenta; Owner: postgres
--

ALTER TABLE ONLY cuenta.usuario
    ADD CONSTRAINT usuario_email_key UNIQUE (email);


--
-- TOC entry 3341 (class 2606 OID 175038)
-- Name: usuario_groups usuario_groups_pkey; Type: CONSTRAINT; Schema: cuenta; Owner: postgres
--

ALTER TABLE ONLY cuenta.usuario_groups
    ADD CONSTRAINT usuario_groups_pkey PRIMARY KEY (id);


--
-- TOC entry 3344 (class 2606 OID 175050)
-- Name: usuario_groups usuario_groups_user_id_group_id_a743d7e7_uniq; Type: CONSTRAINT; Schema: cuenta; Owner: postgres
--

ALTER TABLE ONLY cuenta.usuario_groups
    ADD CONSTRAINT usuario_groups_user_id_group_id_a743d7e7_uniq UNIQUE (user_id, group_id);


--
-- TOC entry 3333 (class 2606 OID 175046)
-- Name: usuario usuario_origen_cedula_f17ce0d9_uniq; Type: CONSTRAINT; Schema: cuenta; Owner: postgres
--

ALTER TABLE ONLY cuenta.usuario
    ADD CONSTRAINT usuario_origen_cedula_f17ce0d9_uniq UNIQUE (origen, cedula);


--
-- TOC entry 3335 (class 2606 OID 175028)
-- Name: usuario usuario_pkey; Type: CONSTRAINT; Schema: cuenta; Owner: postgres
--

ALTER TABLE ONLY cuenta.usuario
    ADD CONSTRAINT usuario_pkey PRIMARY KEY (id);


--
-- TOC entry 3347 (class 2606 OID 175044)
-- Name: usuario_user_permissions usuario_user_permissions_pkey; Type: CONSTRAINT; Schema: cuenta; Owner: postgres
--

ALTER TABLE ONLY cuenta.usuario_user_permissions
    ADD CONSTRAINT usuario_user_permissions_pkey PRIMARY KEY (id);


--
-- TOC entry 3350 (class 2606 OID 175064)
-- Name: usuario_user_permissions usuario_user_permissions_user_id_permission_id_30490d1f_uniq; Type: CONSTRAINT; Schema: cuenta; Owner: postgres
--

ALTER TABLE ONLY cuenta.usuario_user_permissions
    ADD CONSTRAINT usuario_user_permissions_user_id_permission_id_30490d1f_uniq UNIQUE (user_id, permission_id);


--
-- TOC entry 3338 (class 2606 OID 175030)
-- Name: usuario usuario_username_key; Type: CONSTRAINT; Schema: cuenta; Owner: postgres
--

ALTER TABLE ONLY cuenta.usuario
    ADD CONSTRAINT usuario_username_key UNIQUE (username);


--
-- TOC entry 3374 (class 2606 OID 175250)
-- Name: asignacion asignacion_pkey; Type: CONSTRAINT; Schema: gestion; Owner: postgres
--

ALTER TABLE ONLY gestion.asignacion
    ADD CONSTRAINT asignacion_pkey PRIMARY KEY (id);


--
-- TOC entry 3364 (class 2606 OID 175242)
-- Name: bien bien_cod_bien_key; Type: CONSTRAINT; Schema: gestion; Owner: postgres
--

ALTER TABLE ONLY gestion.bien
    ADD CONSTRAINT bien_cod_bien_key UNIQUE (cod_bien);


--
-- TOC entry 3369 (class 2606 OID 175240)
-- Name: bien bien_pkey; Type: CONSTRAINT; Schema: gestion; Owner: postgres
--

ALTER TABLE ONLY gestion.bien
    ADD CONSTRAINT bien_pkey PRIMARY KEY (id);


--
-- TOC entry 3401 (class 2606 OID 175284)
-- Name: detalle_prestamo detalle_prestamo_pkey; Type: CONSTRAINT; Schema: gestion; Owner: postgres
--

ALTER TABLE ONLY gestion.detalle_prestamo
    ADD CONSTRAINT detalle_prestamo_pkey PRIMARY KEY (id);


--
-- TOC entry 3404 (class 2606 OID 175383)
-- Name: detalle_prestamo detalle_prestamo_prestamo_id_bien_id_baa580a8_uniq; Type: CONSTRAINT; Schema: gestion; Owner: postgres
--

ALTER TABLE ONLY gestion.detalle_prestamo
    ADD CONSTRAINT detalle_prestamo_prestamo_id_bien_id_baa580a8_uniq UNIQUE (prestamo_id, bien_id);


--
-- TOC entry 3378 (class 2606 OID 175258)
-- Name: director director_persona_id_key; Type: CONSTRAINT; Schema: gestion; Owner: postgres
--

ALTER TABLE ONLY gestion.director
    ADD CONSTRAINT director_persona_id_key UNIQUE (persona_id);


--
-- TOC entry 3380 (class 2606 OID 175256)
-- Name: director director_pkey; Type: CONSTRAINT; Schema: gestion; Owner: postgres
--

ALTER TABLE ONLY gestion.director
    ADD CONSTRAINT director_pkey PRIMARY KEY (id);


--
-- TOC entry 3394 (class 2606 OID 175272)
-- Name: prestamo prestamo_pkey; Type: CONSTRAINT; Schema: gestion; Owner: postgres
--

ALTER TABLE ONLY gestion.prestamo
    ADD CONSTRAINT prestamo_pkey PRIMARY KEY (id);


--
-- TOC entry 3396 (class 2606 OID 175278)
-- Name: responsable_prestamo responsable_prestamo_pkey; Type: CONSTRAINT; Schema: gestion; Owner: postgres
--

ALTER TABLE ONLY gestion.responsable_prestamo
    ADD CONSTRAINT responsable_prestamo_pkey PRIMARY KEY (id);


--
-- TOC entry 3320 (class 2606 OID 175019)
-- Name: auth_group auth_group_name_key; Type: CONSTRAINT; Schema: public; Owner: postgres
--

ALTER TABLE ONLY public.auth_group
    ADD CONSTRAINT auth_group_name_key UNIQUE (name);


--
-- TOC entry 3325 (class 2606 OID 175005)
-- Name: auth_group_permissions auth_group_permissions_group_id_permission_id_0cd325b0_uniq; Type: CONSTRAINT; Schema: public; Owner: postgres
--

ALTER TABLE ONLY public.auth_group_permissions
    ADD CONSTRAINT auth_group_permissions_group_id_permission_id_0cd325b0_uniq UNIQUE (group_id, permission_id);


--
-- TOC entry 3328 (class 2606 OID 174994)
-- Name: auth_group_permissions auth_group_permissions_pkey; Type: CONSTRAINT; Schema: public; Owner: postgres
--

ALTER TABLE ONLY public.auth_group_permissions
    ADD CONSTRAINT auth_group_permissions_pkey PRIMARY KEY (id);


--
-- TOC entry 3322 (class 2606 OID 174986)
-- Name: auth_group auth_group_pkey; Type: CONSTRAINT; Schema: public; Owner: postgres
--

ALTER TABLE ONLY public.auth_group
    ADD CONSTRAINT auth_group_pkey PRIMARY KEY (id);


--
-- TOC entry 3315 (class 2606 OID 174996)
-- Name: auth_permission auth_permission_content_type_id_codename_01ab375a_uniq; Type: CONSTRAINT; Schema: public; Owner: postgres
--

ALTER TABLE ONLY public.auth_permission
    ADD CONSTRAINT auth_permission_content_type_id_codename_01ab375a_uniq UNIQUE (content_type_id, codename);


--
-- TOC entry 3317 (class 2606 OID 174980)
-- Name: auth_permission auth_permission_pkey; Type: CONSTRAINT; Schema: public; Owner: postgres
--

ALTER TABLE ONLY public.auth_permission
    ADD CONSTRAINT auth_permission_pkey PRIMARY KEY (id);


--
-- TOC entry 3353 (class 2606 OID 175085)
-- Name: django_admin_log django_admin_log_pkey; Type: CONSTRAINT; Schema: public; Owner: postgres
--

ALTER TABLE ONLY public.django_admin_log
    ADD CONSTRAINT django_admin_log_pkey PRIMARY KEY (id);


--
-- TOC entry 3310 (class 2606 OID 174974)
-- Name: django_content_type django_content_type_app_label_model_76bd3d3b_uniq; Type: CONSTRAINT; Schema: public; Owner: postgres
--

ALTER TABLE ONLY public.django_content_type
    ADD CONSTRAINT django_content_type_app_label_model_76bd3d3b_uniq UNIQUE (app_label, model);


--
-- TOC entry 3312 (class 2606 OID 174972)
-- Name: django_content_type django_content_type_pkey; Type: CONSTRAINT; Schema: public; Owner: postgres
--

ALTER TABLE ONLY public.django_content_type
    ADD CONSTRAINT django_content_type_pkey PRIMARY KEY (id);


--
-- TOC entry 3308 (class 2606 OID 174966)
-- Name: django_migrations django_migrations_pkey; Type: CONSTRAINT; Schema: public; Owner: postgres
--

ALTER TABLE ONLY public.django_migrations
    ADD CONSTRAINT django_migrations_pkey PRIMARY KEY (id);


--
-- TOC entry 3357 (class 2606 OID 175220)
-- Name: django_rest_passwordreset_resetpasswordtoken django_rest_passwordreset_resetpasswordtoken_key_f1b65873_uniq; Type: CONSTRAINT; Schema: public; Owner: postgres
--

ALTER TABLE ONLY public.django_rest_passwordreset_resetpasswordtoken
    ADD CONSTRAINT django_rest_passwordreset_resetpasswordtoken_key_f1b65873_uniq UNIQUE (key);


--
-- TOC entry 3359 (class 2606 OID 175223)
-- Name: django_rest_passwordreset_resetpasswordtoken django_rest_passwordreset_resetpasswordtoken_pkey; Type: CONSTRAINT; Schema: public; Owner: postgres
--

ALTER TABLE ONLY public.django_rest_passwordreset_resetpasswordtoken
    ADD CONSTRAINT django_rest_passwordreset_resetpasswordtoken_pkey PRIMARY KEY (id);


--
-- TOC entry 3407 (class 2606 OID 175408)
-- Name: django_session django_session_pkey; Type: CONSTRAINT; Schema: public; Owner: postgres
--

ALTER TABLE ONLY public.django_session
    ADD CONSTRAINT django_session_pkey PRIMARY KEY (session_key);


--
-- TOC entry 3387 (class 2606 OID 175266)
-- Name: gestion_historicalasignacion gestion_historicalasignacion_pkey; Type: CONSTRAINT; Schema: public; Owner: postgres
--

ALTER TABLE ONLY public.gestion_historicalasignacion
    ADD CONSTRAINT gestion_historicalasignacion_pkey PRIMARY KEY (history_id);


--
-- TOC entry 3329 (class 1259 OID 175048)
-- Name: usuario_email_de9343f9_like; Type: INDEX; Schema: cuenta; Owner: postgres
--

CREATE INDEX usuario_email_de9343f9_like ON cuenta.usuario USING btree (email varchar_pattern_ops);


--
-- TOC entry 3339 (class 1259 OID 175062)
-- Name: usuario_groups_group_id_c67c8651; Type: INDEX; Schema: cuenta; Owner: postgres
--

CREATE INDEX usuario_groups_group_id_c67c8651 ON cuenta.usuario_groups USING btree (group_id);


--
-- TOC entry 3342 (class 1259 OID 175061)
-- Name: usuario_groups_user_id_bf125d45; Type: INDEX; Schema: cuenta; Owner: postgres
--

CREATE INDEX usuario_groups_user_id_bf125d45 ON cuenta.usuario_groups USING btree (user_id);


--
-- TOC entry 3345 (class 1259 OID 175076)
-- Name: usuario_user_permissions_permission_id_a8893ce7; Type: INDEX; Schema: cuenta; Owner: postgres
--

CREATE INDEX usuario_user_permissions_permission_id_a8893ce7 ON cuenta.usuario_user_permissions USING btree (permission_id);


--
-- TOC entry 3348 (class 1259 OID 175075)
-- Name: usuario_user_permissions_user_id_96a81eab; Type: INDEX; Schema: cuenta; Owner: postgres
--

CREATE INDEX usuario_user_permissions_user_id_96a81eab ON cuenta.usuario_user_permissions USING btree (user_id);


--
-- TOC entry 3336 (class 1259 OID 175047)
-- Name: usuario_username_7e1fc9dc_like; Type: INDEX; Schema: cuenta; Owner: postgres
--

CREATE INDEX usuario_username_7e1fc9dc_like ON cuenta.usuario USING btree (username varchar_pattern_ops);


--
-- TOC entry 3371 (class 1259 OID 175334)
-- Name: asignacion_bien_id_cfca11e1; Type: INDEX; Schema: gestion; Owner: postgres
--

CREATE INDEX asignacion_bien_id_cfca11e1 ON gestion.asignacion USING btree (bien_id);


--
-- TOC entry 3372 (class 1259 OID 175331)
-- Name: asignacion_dependencia_id_dc5b93c2; Type: INDEX; Schema: gestion; Owner: postgres
--

CREATE INDEX asignacion_dependencia_id_dc5b93c2 ON gestion.asignacion USING btree (dependencia_id);


--
-- TOC entry 3375 (class 1259 OID 175332)
-- Name: asignacion_responsable_id_d49231c7; Type: INDEX; Schema: gestion; Owner: postgres
--

CREATE INDEX asignacion_responsable_id_d49231c7 ON gestion.asignacion USING btree (responsable_id);


--
-- TOC entry 3376 (class 1259 OID 175333)
-- Name: asignacion_subdependencia_id_dff8942f; Type: INDEX; Schema: gestion; Owner: postgres
--

CREATE INDEX asignacion_subdependencia_id_dff8942f ON gestion.asignacion USING btree (subdependencia_id);


--
-- TOC entry 3361 (class 1259 OID 175306)
-- Name: bien_categoria_id_950ffdbe; Type: INDEX; Schema: gestion; Owner: postgres
--

CREATE INDEX bien_categoria_id_950ffdbe ON gestion.bien USING btree (categoria_id);


--
-- TOC entry 3362 (class 1259 OID 175305)
-- Name: bien_cod_bien_23a35af2_like; Type: INDEX; Schema: gestion; Owner: postgres
--

CREATE INDEX bien_cod_bien_23a35af2_like ON gestion.bien USING btree (cod_bien varchar_pattern_ops);


--
-- TOC entry 3365 (class 1259 OID 175401)
-- Name: bien_color_id_34683366; Type: INDEX; Schema: gestion; Owner: postgres
--

CREATE INDEX bien_color_id_34683366 ON gestion.bien USING btree (color_id);


--
-- TOC entry 3366 (class 1259 OID 175307)
-- Name: bien_marca_id_d474381a; Type: INDEX; Schema: gestion; Owner: postgres
--

CREATE INDEX bien_marca_id_d474381a ON gestion.bien USING btree (marca_id);


--
-- TOC entry 3367 (class 1259 OID 175309)
-- Name: bien_modelo_id_c5d7a3e2; Type: INDEX; Schema: gestion; Owner: postgres
--

CREATE INDEX bien_modelo_id_c5d7a3e2 ON gestion.bien USING btree (modelo_id);


--
-- TOC entry 3370 (class 1259 OID 175310)
-- Name: bien_subcategoria_id_8a7d100e; Type: INDEX; Schema: gestion; Owner: postgres
--

CREATE INDEX bien_subcategoria_id_8a7d100e ON gestion.bien USING btree (subcategoria_id);


--
-- TOC entry 3399 (class 1259 OID 175394)
-- Name: detalle_prestamo_bien_id_04880e16; Type: INDEX; Schema: gestion; Owner: postgres
--

CREATE INDEX detalle_prestamo_bien_id_04880e16 ON gestion.detalle_prestamo USING btree (bien_id);


--
-- TOC entry 3402 (class 1259 OID 175395)
-- Name: detalle_prestamo_prestamo_id_8b9f0646; Type: INDEX; Schema: gestion; Owner: postgres
--

CREATE INDEX detalle_prestamo_prestamo_id_8b9f0646 ON gestion.detalle_prestamo USING btree (prestamo_id);


--
-- TOC entry 3390 (class 1259 OID 175367)
-- Name: prestamo_departamento_entrega_id_3b031456; Type: INDEX; Schema: gestion; Owner: postgres
--

CREATE INDEX prestamo_departamento_entrega_id_3b031456 ON gestion.prestamo USING btree (departamento_entrega_id);


--
-- TOC entry 3391 (class 1259 OID 175368)
-- Name: prestamo_departamento_recibe_id_b023bf33; Type: INDEX; Schema: gestion; Owner: postgres
--

CREATE INDEX prestamo_departamento_recibe_id_b023bf33 ON gestion.prestamo USING btree (departamento_recibe_id);


--
-- TOC entry 3392 (class 1259 OID 175369)
-- Name: prestamo_motivo_id_3c130ee4; Type: INDEX; Schema: gestion; Owner: postgres
--

CREATE INDEX prestamo_motivo_id_3c130ee4 ON gestion.prestamo USING btree (motivo_id);


--
-- TOC entry 3397 (class 1259 OID 175380)
-- Name: responsable_prestamo_prestamo_id_dfcf5d02; Type: INDEX; Schema: gestion; Owner: postgres
--

CREATE INDEX responsable_prestamo_prestamo_id_dfcf5d02 ON gestion.responsable_prestamo USING btree (prestamo_id);


--
-- TOC entry 3398 (class 1259 OID 175381)
-- Name: responsable_prestamo_responsable_id_bca4209a; Type: INDEX; Schema: gestion; Owner: postgres
--

CREATE INDEX responsable_prestamo_responsable_id_bca4209a ON gestion.responsable_prestamo USING btree (responsable_id);


--
-- TOC entry 3318 (class 1259 OID 175020)
-- Name: auth_group_name_a6ea08ec_like; Type: INDEX; Schema: public; Owner: postgres
--

CREATE INDEX auth_group_name_a6ea08ec_like ON public.auth_group USING btree (name varchar_pattern_ops);


--
-- TOC entry 3323 (class 1259 OID 175016)
-- Name: auth_group_permissions_group_id_b120cbf9; Type: INDEX; Schema: public; Owner: postgres
--

CREATE INDEX auth_group_permissions_group_id_b120cbf9 ON public.auth_group_permissions USING btree (group_id);


--
-- TOC entry 3326 (class 1259 OID 175017)
-- Name: auth_group_permissions_permission_id_84c5c92e; Type: INDEX; Schema: public; Owner: postgres
--

CREATE INDEX auth_group_permissions_permission_id_84c5c92e ON public.auth_group_permissions USING btree (permission_id);


--
-- TOC entry 3313 (class 1259 OID 175002)
-- Name: auth_permission_content_type_id_2f476e4b; Type: INDEX; Schema: public; Owner: postgres
--

CREATE INDEX auth_permission_content_type_id_2f476e4b ON public.auth_permission USING btree (content_type_id);


--
-- TOC entry 3351 (class 1259 OID 175096)
-- Name: django_admin_log_content_type_id_c4bce8eb; Type: INDEX; Schema: public; Owner: postgres
--

CREATE INDEX django_admin_log_content_type_id_c4bce8eb ON public.django_admin_log USING btree (content_type_id);


--
-- TOC entry 3354 (class 1259 OID 175097)
-- Name: django_admin_log_user_id_c564eba6; Type: INDEX; Schema: public; Owner: postgres
--

CREATE INDEX django_admin_log_user_id_c564eba6 ON public.django_admin_log USING btree (user_id);


--
-- TOC entry 3355 (class 1259 OID 175217)
-- Name: django_rest_passwordreset_resetpasswordtoken_key_f1b65873_like; Type: INDEX; Schema: public; Owner: postgres
--

CREATE INDEX django_rest_passwordreset_resetpasswordtoken_key_f1b65873_like ON public.django_rest_passwordreset_resetpasswordtoken USING btree (key varchar_pattern_ops);


--
-- TOC entry 3360 (class 1259 OID 175218)
-- Name: django_rest_passwordreset_resetpasswordtoken_user_id_e8015b11; Type: INDEX; Schema: public; Owner: postgres
--

CREATE INDEX django_rest_passwordreset_resetpasswordtoken_user_id_e8015b11 ON public.django_rest_passwordreset_resetpasswordtoken USING btree (user_id);


--
-- TOC entry 3405 (class 1259 OID 175410)
-- Name: django_session_expire_date_a5c62663; Type: INDEX; Schema: public; Owner: postgres
--

CREATE INDEX django_session_expire_date_a5c62663 ON public.django_session USING btree (expire_date);


--
-- TOC entry 3408 (class 1259 OID 175409)
-- Name: django_session_session_key_c0390e0f_like; Type: INDEX; Schema: public; Owner: postgres
--

CREATE INDEX django_session_session_key_c0390e0f_like ON public.django_session USING btree (session_key varchar_pattern_ops);


--
-- TOC entry 3381 (class 1259 OID 175347)
-- Name: gestion_historicalasignacion_bien_id_8c228bd5; Type: INDEX; Schema: public; Owner: postgres
--

CREATE INDEX gestion_historicalasignacion_bien_id_8c228bd5 ON public.gestion_historicalasignacion USING btree (bien_id);


--
-- TOC entry 3382 (class 1259 OID 175348)
-- Name: gestion_historicalasignacion_dependencia_id_8d4d9009; Type: INDEX; Schema: public; Owner: postgres
--

CREATE INDEX gestion_historicalasignacion_dependencia_id_8d4d9009 ON public.gestion_historicalasignacion USING btree (dependencia_id);


--
-- TOC entry 3383 (class 1259 OID 175346)
-- Name: gestion_historicalasignacion_history_date_10f25b50; Type: INDEX; Schema: public; Owner: postgres
--

CREATE INDEX gestion_historicalasignacion_history_date_10f25b50 ON public.gestion_historicalasignacion USING btree (history_date);


--
-- TOC entry 3384 (class 1259 OID 175349)
-- Name: gestion_historicalasignacion_history_user_id_bf24e329; Type: INDEX; Schema: public; Owner: postgres
--

CREATE INDEX gestion_historicalasignacion_history_user_id_bf24e329 ON public.gestion_historicalasignacion USING btree (history_user_id);


--
-- TOC entry 3385 (class 1259 OID 175345)
-- Name: gestion_historicalasignacion_id_5ccdaf3c; Type: INDEX; Schema: public; Owner: postgres
--

CREATE INDEX gestion_historicalasignacion_id_5ccdaf3c ON public.gestion_historicalasignacion USING btree (id);


--
-- TOC entry 3388 (class 1259 OID 175350)
-- Name: gestion_historicalasignacion_responsable_id_4da5f80e; Type: INDEX; Schema: public; Owner: postgres
--

CREATE INDEX gestion_historicalasignacion_responsable_id_4da5f80e ON public.gestion_historicalasignacion USING btree (responsable_id);


--
-- TOC entry 3389 (class 1259 OID 175351)
-- Name: gestion_historicalasignacion_subdependencia_id_bacea1c8; Type: INDEX; Schema: public; Owner: postgres
--

CREATE INDEX gestion_historicalasignacion_subdependencia_id_bacea1c8 ON public.gestion_historicalasignacion USING btree (subdependencia_id);


--
-- TOC entry 3412 (class 2606 OID 175056)
-- Name: usuario_groups usuario_groups_group_id_c67c8651_fk_auth_group_id; Type: FK CONSTRAINT; Schema: cuenta; Owner: postgres
--

ALTER TABLE ONLY cuenta.usuario_groups
    ADD CONSTRAINT usuario_groups_group_id_c67c8651_fk_auth_group_id FOREIGN KEY (group_id) REFERENCES public.auth_group(id) DEFERRABLE INITIALLY DEFERRED;


--
-- TOC entry 3413 (class 2606 OID 175051)
-- Name: usuario_groups usuario_groups_user_id_bf125d45_fk_usuario_id; Type: FK CONSTRAINT; Schema: cuenta; Owner: postgres
--

ALTER TABLE ONLY cuenta.usuario_groups
    ADD CONSTRAINT usuario_groups_user_id_bf125d45_fk_usuario_id FOREIGN KEY (user_id) REFERENCES cuenta.usuario(id) DEFERRABLE INITIALLY DEFERRED;


--
-- TOC entry 3414 (class 2606 OID 175070)
-- Name: usuario_user_permissions usuario_user_permiss_permission_id_a8893ce7_fk_auth_perm; Type: FK CONSTRAINT; Schema: cuenta; Owner: postgres
--

ALTER TABLE ONLY cuenta.usuario_user_permissions
    ADD CONSTRAINT usuario_user_permiss_permission_id_a8893ce7_fk_auth_perm FOREIGN KEY (permission_id) REFERENCES public.auth_permission(id) DEFERRABLE INITIALLY DEFERRED;


--
-- TOC entry 3415 (class 2606 OID 175065)
-- Name: usuario_user_permissions usuario_user_permissions_user_id_96a81eab_fk_usuario_id; Type: FK CONSTRAINT; Schema: cuenta; Owner: postgres
--

ALTER TABLE ONLY cuenta.usuario_user_permissions
    ADD CONSTRAINT usuario_user_permissions_user_id_96a81eab_fk_usuario_id FOREIGN KEY (user_id) REFERENCES cuenta.usuario(id) DEFERRABLE INITIALLY DEFERRED;


--
-- TOC entry 3424 (class 2606 OID 175326)
-- Name: asignacion asignacion_bien_id_cfca11e1_fk_bien_id; Type: FK CONSTRAINT; Schema: gestion; Owner: postgres
--

ALTER TABLE ONLY gestion.asignacion
    ADD CONSTRAINT asignacion_bien_id_cfca11e1_fk_bien_id FOREIGN KEY (bien_id) REFERENCES gestion.bien(id) DEFERRABLE INITIALLY DEFERRED;


--
-- TOC entry 3425 (class 2606 OID 175311)
-- Name: asignacion asignacion_dependencia_id_dc5b93c2_fk_dependencia_id; Type: FK CONSTRAINT; Schema: gestion; Owner: postgres
--

ALTER TABLE ONLY gestion.asignacion
    ADD CONSTRAINT asignacion_dependencia_id_dc5b93c2_fk_dependencia_id FOREIGN KEY (dependencia_id) REFERENCES auxiliares.dependencia(id) DEFERRABLE INITIALLY DEFERRED;


--
-- TOC entry 3426 (class 2606 OID 175316)
-- Name: asignacion asignacion_responsable_id_d49231c7_fk_responsable_id; Type: FK CONSTRAINT; Schema: gestion; Owner: postgres
--

ALTER TABLE ONLY gestion.asignacion
    ADD CONSTRAINT asignacion_responsable_id_d49231c7_fk_responsable_id FOREIGN KEY (responsable_id) REFERENCES auxiliares.responsable(id) DEFERRABLE INITIALLY DEFERRED;


--
-- TOC entry 3427 (class 2606 OID 175321)
-- Name: asignacion asignacion_subdependencia_id_dff8942f_fk_subdependencia_id; Type: FK CONSTRAINT; Schema: gestion; Owner: postgres
--

ALTER TABLE ONLY gestion.asignacion
    ADD CONSTRAINT asignacion_subdependencia_id_dff8942f_fk_subdependencia_id FOREIGN KEY (subdependencia_id) REFERENCES auxiliares.subdependencia(id) DEFERRABLE INITIALLY DEFERRED;


--
-- TOC entry 3419 (class 2606 OID 175285)
-- Name: bien bien_categoria_id_950ffdbe_fk_categoria_id; Type: FK CONSTRAINT; Schema: gestion; Owner: postgres
--

ALTER TABLE ONLY gestion.bien
    ADD CONSTRAINT bien_categoria_id_950ffdbe_fk_categoria_id FOREIGN KEY (categoria_id) REFERENCES auxiliares.categoria(id) DEFERRABLE INITIALLY DEFERRED;


--
-- TOC entry 3420 (class 2606 OID 175396)
-- Name: bien bien_color_id_34683366_fk_color_id; Type: FK CONSTRAINT; Schema: gestion; Owner: postgres
--

ALTER TABLE ONLY gestion.bien
    ADD CONSTRAINT bien_color_id_34683366_fk_color_id FOREIGN KEY (color_id) REFERENCES auxiliares.color(id) DEFERRABLE INITIALLY DEFERRED;


--
-- TOC entry 3421 (class 2606 OID 175290)
-- Name: bien bien_marca_id_d474381a_fk_marca_id; Type: FK CONSTRAINT; Schema: gestion; Owner: postgres
--

ALTER TABLE ONLY gestion.bien
    ADD CONSTRAINT bien_marca_id_d474381a_fk_marca_id FOREIGN KEY (marca_id) REFERENCES auxiliares.marca(id) DEFERRABLE INITIALLY DEFERRED;


--
-- TOC entry 3422 (class 2606 OID 175295)
-- Name: bien bien_modelo_id_c5d7a3e2_fk_modelo_id; Type: FK CONSTRAINT; Schema: gestion; Owner: postgres
--

ALTER TABLE ONLY gestion.bien
    ADD CONSTRAINT bien_modelo_id_c5d7a3e2_fk_modelo_id FOREIGN KEY (modelo_id) REFERENCES auxiliares.modelo(id) DEFERRABLE INITIALLY DEFERRED;


--
-- TOC entry 3423 (class 2606 OID 175300)
-- Name: bien bien_subcategoria_id_8a7d100e_fk_subcategoria_id; Type: FK CONSTRAINT; Schema: gestion; Owner: postgres
--

ALTER TABLE ONLY gestion.bien
    ADD CONSTRAINT bien_subcategoria_id_8a7d100e_fk_subcategoria_id FOREIGN KEY (subcategoria_id) REFERENCES auxiliares.subcategoria(id) DEFERRABLE INITIALLY DEFERRED;


--
-- TOC entry 3435 (class 2606 OID 175384)
-- Name: detalle_prestamo detalle_prestamo_bien_id_04880e16_fk_bien_id; Type: FK CONSTRAINT; Schema: gestion; Owner: postgres
--

ALTER TABLE ONLY gestion.detalle_prestamo
    ADD CONSTRAINT detalle_prestamo_bien_id_04880e16_fk_bien_id FOREIGN KEY (bien_id) REFERENCES gestion.bien(id) DEFERRABLE INITIALLY DEFERRED;


--
-- TOC entry 3436 (class 2606 OID 175389)
-- Name: detalle_prestamo detalle_prestamo_prestamo_id_8b9f0646_fk_prestamo_id; Type: FK CONSTRAINT; Schema: gestion; Owner: postgres
--

ALTER TABLE ONLY gestion.detalle_prestamo
    ADD CONSTRAINT detalle_prestamo_prestamo_id_8b9f0646_fk_prestamo_id FOREIGN KEY (prestamo_id) REFERENCES gestion.prestamo(id) DEFERRABLE INITIALLY DEFERRED;


--
-- TOC entry 3428 (class 2606 OID 175335)
-- Name: director director_persona_id_b60be834_fk_persona_id; Type: FK CONSTRAINT; Schema: gestion; Owner: postgres
--

ALTER TABLE ONLY gestion.director
    ADD CONSTRAINT director_persona_id_b60be834_fk_persona_id FOREIGN KEY (persona_id) REFERENCES auxiliares.persona(id) DEFERRABLE INITIALLY DEFERRED;


--
-- TOC entry 3430 (class 2606 OID 175352)
-- Name: prestamo prestamo_departamento_entrega_id_3b031456_fk_dependencia_id; Type: FK CONSTRAINT; Schema: gestion; Owner: postgres
--

ALTER TABLE ONLY gestion.prestamo
    ADD CONSTRAINT prestamo_departamento_entrega_id_3b031456_fk_dependencia_id FOREIGN KEY (departamento_entrega_id) REFERENCES auxiliares.dependencia(id) DEFERRABLE INITIALLY DEFERRED;


--
-- TOC entry 3431 (class 2606 OID 175357)
-- Name: prestamo prestamo_departamento_recibe_id_b023bf33_fk_dependencia_id; Type: FK CONSTRAINT; Schema: gestion; Owner: postgres
--

ALTER TABLE ONLY gestion.prestamo
    ADD CONSTRAINT prestamo_departamento_recibe_id_b023bf33_fk_dependencia_id FOREIGN KEY (departamento_recibe_id) REFERENCES auxiliares.dependencia(id) DEFERRABLE INITIALLY DEFERRED;


--
-- TOC entry 3432 (class 2606 OID 175362)
-- Name: prestamo prestamo_motivo_id_3c130ee4_fk_motivo_id; Type: FK CONSTRAINT; Schema: gestion; Owner: postgres
--

ALTER TABLE ONLY gestion.prestamo
    ADD CONSTRAINT prestamo_motivo_id_3c130ee4_fk_motivo_id FOREIGN KEY (motivo_id) REFERENCES auxiliares.motivo(id) DEFERRABLE INITIALLY DEFERRED;


--
-- TOC entry 3433 (class 2606 OID 175370)
-- Name: responsable_prestamo responsable_prestamo_prestamo_id_dfcf5d02_fk_prestamo_id; Type: FK CONSTRAINT; Schema: gestion; Owner: postgres
--

ALTER TABLE ONLY gestion.responsable_prestamo
    ADD CONSTRAINT responsable_prestamo_prestamo_id_dfcf5d02_fk_prestamo_id FOREIGN KEY (prestamo_id) REFERENCES gestion.prestamo(id) DEFERRABLE INITIALLY DEFERRED;


--
-- TOC entry 3434 (class 2606 OID 175375)
-- Name: responsable_prestamo responsable_prestamo_responsable_id_bca4209a_fk_responsable_id; Type: FK CONSTRAINT; Schema: gestion; Owner: postgres
--

ALTER TABLE ONLY gestion.responsable_prestamo
    ADD CONSTRAINT responsable_prestamo_responsable_id_bca4209a_fk_responsable_id FOREIGN KEY (responsable_id) REFERENCES auxiliares.responsable(id) DEFERRABLE INITIALLY DEFERRED;


--
-- TOC entry 3410 (class 2606 OID 175011)
-- Name: auth_group_permissions auth_group_permissio_permission_id_84c5c92e_fk_auth_perm; Type: FK CONSTRAINT; Schema: public; Owner: postgres
--

ALTER TABLE ONLY public.auth_group_permissions
    ADD CONSTRAINT auth_group_permissio_permission_id_84c5c92e_fk_auth_perm FOREIGN KEY (permission_id) REFERENCES public.auth_permission(id) DEFERRABLE INITIALLY DEFERRED;


--
-- TOC entry 3411 (class 2606 OID 175006)
-- Name: auth_group_permissions auth_group_permissions_group_id_b120cbf9_fk_auth_group_id; Type: FK CONSTRAINT; Schema: public; Owner: postgres
--

ALTER TABLE ONLY public.auth_group_permissions
    ADD CONSTRAINT auth_group_permissions_group_id_b120cbf9_fk_auth_group_id FOREIGN KEY (group_id) REFERENCES public.auth_group(id) DEFERRABLE INITIALLY DEFERRED;


--
-- TOC entry 3409 (class 2606 OID 174997)
-- Name: auth_permission auth_permission_content_type_id_2f476e4b_fk_django_co; Type: FK CONSTRAINT; Schema: public; Owner: postgres
--

ALTER TABLE ONLY public.auth_permission
    ADD CONSTRAINT auth_permission_content_type_id_2f476e4b_fk_django_co FOREIGN KEY (content_type_id) REFERENCES public.django_content_type(id) DEFERRABLE INITIALLY DEFERRED;


--
-- TOC entry 3416 (class 2606 OID 175086)
-- Name: django_admin_log django_admin_log_content_type_id_c4bce8eb_fk_django_co; Type: FK CONSTRAINT; Schema: public; Owner: postgres
--

ALTER TABLE ONLY public.django_admin_log
    ADD CONSTRAINT django_admin_log_content_type_id_c4bce8eb_fk_django_co FOREIGN KEY (content_type_id) REFERENCES public.django_content_type(id) DEFERRABLE INITIALLY DEFERRED;


--
-- TOC entry 3417 (class 2606 OID 175091)
-- Name: django_admin_log django_admin_log_user_id_c564eba6_fk_usuario_id; Type: FK CONSTRAINT; Schema: public; Owner: postgres
--

ALTER TABLE ONLY public.django_admin_log
    ADD CONSTRAINT django_admin_log_user_id_c564eba6_fk_usuario_id FOREIGN KEY (user_id) REFERENCES cuenta.usuario(id) DEFERRABLE INITIALLY DEFERRED;


--
-- TOC entry 3418 (class 2606 OID 175212)
-- Name: django_rest_passwordreset_resetpasswordtoken django_rest_password_user_id_e8015b11_fk_usuario_i; Type: FK CONSTRAINT; Schema: public; Owner: postgres
--

ALTER TABLE ONLY public.django_rest_passwordreset_resetpasswordtoken
    ADD CONSTRAINT django_rest_password_user_id_e8015b11_fk_usuario_i FOREIGN KEY (user_id) REFERENCES cuenta.usuario(id) DEFERRABLE INITIALLY DEFERRED;


--
-- TOC entry 3429 (class 2606 OID 175340)
-- Name: gestion_historicalasignacion gestion_historicalas_history_user_id_bf24e329_fk_usuario_i; Type: FK CONSTRAINT; Schema: public; Owner: postgres
--

ALTER TABLE ONLY public.gestion_historicalasignacion
    ADD CONSTRAINT gestion_historicalas_history_user_id_bf24e329_fk_usuario_i FOREIGN KEY (history_user_id) REFERENCES cuenta.usuario(id) DEFERRABLE INITIALLY DEFERRED;


-- Completed on 2025-10-21 15:38:55 -04

--
-- PostgreSQL database dump complete
--

